<?xml version="1.0" encoding="UTF-8"?>
<weblogic-web-app
	xmlns:xsi="http://www.w3.org/2001/XMLSchema-instance"
	xsi:schemaLocation="http://xmlns.oracle.com/weblogic/weblogic-web-app http://xmlns.oracle.com/weblogic/weblogic-web-app/1.5/weblogic-web-app.xsd"
	xmlns="http://xmlns.oracle.com/weblogic/weblogic-web-app">

	<context-root>/wifi4eu</context-root>
	
	<session-descriptor>
    	<timeout-secs>3600</timeout-secs>
 	</session-descriptor>
	
	<container-descriptor>
		<prefer-application-packages>
			<package-name>org.apache.logging.*</package-name>
			<package-name>org.apache.log4j.*</package-name>
			<package-name>org.hibernate.*</package-name>
			<package-name>org.springframework.*</package-name>
			<package-name>org.slf4j.*</package-name>
			<package-name>com.fasterxml.jackson.*</package-name>
			<package-name>javax.el.*</package-name>
			<package-name>javax.persistence.*</package-name>
			<package-name>javax.validation.*</package-name>
        	<package-name>javax.validation.spi.*</package-name>
        	<package-name>javassist</package-name>
			<package-name>org.apache.xerces.*</package-name>
			<package-name>com.thoughtworks.xstream.*</package-name>
		</prefer-application-packages>
		<allow-all-roles>true</allow-all-roles>
	</container-descriptor>
	
</weblogic-web-app>