REM INSERTING into WIFI4EU_ABAC.WIF_ABAC_REQUEST_PROCESS
SET DEFINE OFF;
Insert into WIFI4EU_ABAC.WIF_ABAC_REQUEST_PROCESS (ID,LE_ID,L_LOC_OBJ_FK,L_QUE_ID,SUBMIT_DATE,ERROR_MSG,REJECTION_MSG,REQUEST_TYPE,BC_ID,LC_ID) values (1,53,'WIF.1223',null,to_date('23-AUG-18','DD-MON-RR'),null,null,'LEGAL_ENTITY',null,null);
Insert into WIFI4EU_ABAC.WIF_ABAC_REQUEST_PROCESS (ID,LE_ID,L_LOC_OBJ_FK,L_QUE_ID,SUBMIT_DATE,ERROR_MSG,REJECTION_MSG,REQUEST_TYPE,BC_ID,LC_ID) values (2,52,'WIF.1222',null,to_date('23-AUG-18','DD-MON-RR'),null,null,'LEGAL_ENTITY',null,null);
Insert into WIFI4EU_ABAC.WIF_ABAC_REQUEST_PROCESS (ID,LE_ID,L_LOC_OBJ_FK,L_QUE_ID,SUBMIT_DATE,ERROR_MSG,REJECTION_MSG,REQUEST_TYPE,BC_ID,LC_ID) values (3,56,'WIF.1221',null,to_date('23-AUG-18','DD-MON-RR'),null,null,'LEGAL_ENTITY',null,null);
Insert into WIFI4EU_ABAC.WIF_ABAC_REQUEST_PROCESS (ID,LE_ID,L_LOC_OBJ_FK,L_QUE_ID,SUBMIT_DATE,ERROR_MSG,REJECTION_MSG,REQUEST_TYPE,BC_ID,LC_ID) values (298,261,'WIF.20963',15415695,to_date('29-AUG-18','DD-MON-RR'),'Batch load via Basic Service has functional java error : code(ABAC-00859), message(The Official Name of a Public/Private Legal Entity (Request) must only have capital letters, numbers and the following special characters: &@''-/:.,()*+ ! ? =), field(OfficialName).
Batch load via Basic Service has functional java error : code(ABAC-01119), message(The Official Address (street name, city and county) of a Legal Entity (Request) must only have capital letters, numbers and the following special characters: &@''-/:.,()*+ ! ? ? =), field(OfficialAddress.City).',null,'LEGAL_ENTITY',null,null);
Insert into WIFI4EU_ABAC.WIF_ABAC_REQUEST_PROCESS (ID,LE_ID,L_LOC_OBJ_FK,L_QUE_ID,SUBMIT_DATE,ERROR_MSG,REJECTION_MSG,REQUEST_TYPE,BC_ID,LC_ID) values (299,262,'WIF.20964',15415696,to_date('29-AUG-18','DD-MON-RR'),'Batch load via Basic Service has functional java error : code(ABAC-01147), message(The Official Names of a Legal Entity are limited to 35 characters each.), field(OfficialName).',null,'LEGAL_ENTITY',null,null);
Insert into WIFI4EU_ABAC.WIF_ABAC_REQUEST_PROCESS (ID,LE_ID,L_LOC_OBJ_FK,L_QUE_ID,SUBMIT_DATE,ERROR_MSG,REJECTION_MSG,REQUEST_TYPE,BC_ID,LC_ID) values (300,263,'WIF.20965',15415697,to_date('29-AUG-18','DD-MON-RR'),null,null,'LEGAL_ENTITY',null,null);
Insert into WIFI4EU_ABAC.WIF_ABAC_REQUEST_PROCESS (ID,LE_ID,L_LOC_OBJ_FK,L_QUE_ID,SUBMIT_DATE,ERROR_MSG,REJECTION_MSG,REQUEST_TYPE,BC_ID,LC_ID) values (253,null,'WIF.20597',15409590,to_date('22-AUG-18','DD-MON-RR'),null,null,'BUDGETARY_COMMITMENT',31,null);
Insert into WIFI4EU_ABAC.WIF_ABAC_REQUEST_PROCESS (ID,LE_ID,L_LOC_OBJ_FK,L_QUE_ID,SUBMIT_DATE,ERROR_MSG,REJECTION_MSG,REQUEST_TYPE,BC_ID,LC_ID) values (260,null,'WIF.20629',15410448,to_date('23-AUG-18','DD-MON-RR'),null,null,'LEGAL_COMMITMENT',null,13);
Insert into WIFI4EU_ABAC.WIF_ABAC_REQUEST_PROCESS (ID,LE_ID,L_LOC_OBJ_FK,L_QUE_ID,SUBMIT_DATE,ERROR_MSG,REJECTION_MSG,REQUEST_TYPE,BC_ID,LC_ID) values (4,5,'WIF.1167',null,to_date('23-AUG-18','DD-MON-RR'),null,null,'LEGAL_ENTITY',null,null);
Insert into WIFI4EU_ABAC.WIF_ABAC_REQUEST_PROCESS (ID,LE_ID,L_LOC_OBJ_FK,L_QUE_ID,SUBMIT_DATE,ERROR_MSG,REJECTION_MSG,REQUEST_TYPE,BC_ID,LC_ID) values (285,257,'WIF.20946',15413417,to_date('28-AUG-18','DD-MON-RR'),null,null,'LEGAL_ENTITY',null,null);
Insert into WIFI4EU_ABAC.WIF_ABAC_REQUEST_PROCESS (ID,LE_ID,L_LOC_OBJ_FK,L_QUE_ID,SUBMIT_DATE,ERROR_MSG,REJECTION_MSG,REQUEST_TYPE,BC_ID,LC_ID) values (301,264,'WIF.20966',15415698,to_date('29-AUG-18','DD-MON-RR'),null,null,'LEGAL_ENTITY',null,null);
Insert into WIFI4EU_ABAC.WIF_ABAC_REQUEST_PROCESS (ID,LE_ID,L_LOC_OBJ_FK,L_QUE_ID,SUBMIT_DATE,ERROR_MSG,REJECTION_MSG,REQUEST_TYPE,BC_ID,LC_ID) values (302,265,'WIF.20967',15415699,to_date('29-AUG-18','DD-MON-RR'),null,null,'LEGAL_ENTITY',null,null);
Insert into WIFI4EU_ABAC.WIF_ABAC_REQUEST_PROCESS (ID,LE_ID,L_LOC_OBJ_FK,L_QUE_ID,SUBMIT_DATE,ERROR_MSG,REJECTION_MSG,REQUEST_TYPE,BC_ID,LC_ID) values (303,266,'WIF.20968',15415700,to_date('29-AUG-18','DD-MON-RR'),null,null,'LEGAL_ENTITY',null,null);
Insert into WIFI4EU_ABAC.WIF_ABAC_REQUEST_PROCESS (ID,LE_ID,L_LOC_OBJ_FK,L_QUE_ID,SUBMIT_DATE,ERROR_MSG,REJECTION_MSG,REQUEST_TYPE,BC_ID,LC_ID) values (304,267,'WIF.20969',15415722,to_date('29-AUG-18','DD-MON-RR'),'Batch load via Basic Service has functional java error : code(ABAC-00859), message(The Official Name of a Public/Private Legal Entity (Request) must only have capital letters, numbers and the following special characters: &@''-/:.,()*+ ! ? =), field(OfficialName).
Batch load via Basic Service has functional java error : code(ABAC-01119), message(The Official Address (street name, city and county) of a Legal Entity (Request) must only have capital letters, numbers and the following special characters: &@''-/:.,()*+ ! ? ? =), field(OfficialAddress.City).',null,'LEGAL_ENTITY',null,null);
Insert into WIFI4EU_ABAC.WIF_ABAC_REQUEST_PROCESS (ID,LE_ID,L_LOC_OBJ_FK,L_QUE_ID,SUBMIT_DATE,ERROR_MSG,REJECTION_MSG,REQUEST_TYPE,BC_ID,LC_ID) values (321,null,'WIF.21981',15427010,to_date('05-SEP-18','DD-MON-RR'),'Batch load via Basic Service has functional java error : code(ABAC-00010), message(The Legal Commitment Contractor must have a Legal Entity), field(LegalEntityLocalKey).',null,'LEGAL_COMMITMENT',null,18);
Insert into WIFI4EU_ABAC.WIF_ABAC_REQUEST_PROCESS (ID,LE_ID,L_LOC_OBJ_FK,L_QUE_ID,SUBMIT_DATE,ERROR_MSG,REJECTION_MSG,REQUEST_TYPE,BC_ID,LC_ID) values (322,null,'WIF.21982',15427099,to_date('05-SEP-18','DD-MON-RR'),'Batch load via Basic Service has functional java error : code(ABAC-00010), message(The Legal Commitment Contractor must have a Legal Entity), field(LegalEntityLocalKey).',null,'LEGAL_COMMITMENT',null,18);
Insert into WIFI4EU_ABAC.WIF_ABAC_REQUEST_PROCESS (ID,LE_ID,L_LOC_OBJ_FK,L_QUE_ID,SUBMIT_DATE,ERROR_MSG,REJECTION_MSG,REQUEST_TYPE,BC_ID,LC_ID) values (324,null,'WIF.21984',15427153,to_date('05-SEP-18','DD-MON-RR'),'The Commitment (WIF.21984) must have at least one scanned document, a link to an Ares reference or a supporting document detail under the Supporting Documents tab.!
Batch reading has unresolved records for run_id(21984) and local system code(WIF).',null,'BUDGETARY_COMMITMENT',62,null);
Insert into WIFI4EU_ABAC.WIF_ABAC_REQUEST_PROCESS (ID,LE_ID,L_LOC_OBJ_FK,L_QUE_ID,SUBMIT_DATE,ERROR_MSG,REJECTION_MSG,REQUEST_TYPE,BC_ID,LC_ID) values (297,260,'WIF.20962',15415692,to_date('29-AUG-18','DD-MON-RR'),null,null,'LEGAL_ENTITY',null,null);
Insert into WIFI4EU_ABAC.WIF_ABAC_REQUEST_PROCESS (ID,LE_ID,L_LOC_OBJ_FK,L_QUE_ID,SUBMIT_DATE,ERROR_MSG,REJECTION_MSG,REQUEST_TYPE,BC_ID,LC_ID) values (314,273,'WIF.21979',15419519,to_date('31-AUG-18','DD-MON-RR'),null,null,'LEGAL_ENTITY',null,null);
Insert into WIFI4EU_ABAC.WIF_ABAC_REQUEST_PROCESS (ID,LE_ID,L_LOC_OBJ_FK,L_QUE_ID,SUBMIT_DATE,ERROR_MSG,REJECTION_MSG,REQUEST_TYPE,BC_ID,LC_ID) values (293,null,'WIF.20958',15414479,to_date('28-AUG-18','DD-MON-RR'),null,null,'BUDGETARY_COMMITMENT',39,null);
Insert into WIFI4EU_ABAC.WIF_ABAC_REQUEST_PROCESS (ID,LE_ID,L_LOC_OBJ_FK,L_QUE_ID,SUBMIT_DATE,ERROR_MSG,REJECTION_MSG,REQUEST_TYPE,BC_ID,LC_ID) values (311,null,'WIF.20976',15415735,to_date('29-AUG-18','DD-MON-RR'),null,null,'BUDGETARY_COMMITMENT',45,null);
Insert into WIFI4EU_ABAC.WIF_ABAC_REQUEST_PROCESS (ID,LE_ID,L_LOC_OBJ_FK,L_QUE_ID,SUBMIT_DATE,ERROR_MSG,REJECTION_MSG,REQUEST_TYPE,BC_ID,LC_ID) values (315,277,'WIF.21980',15424839,to_date('03-SEP-18','DD-MON-RR'),null,null,'LEGAL_ENTITY',null,null);
Insert into WIFI4EU_ABAC.WIF_ABAC_REQUEST_PROCESS (ID,LE_ID,L_LOC_OBJ_FK,L_QUE_ID,SUBMIT_DATE,ERROR_MSG,REJECTION_MSG,REQUEST_TYPE,BC_ID,LC_ID) values (296,null,'WIF.20961',15414511,to_date('28-AUG-18','DD-MON-RR'),null,null,'LEGAL_COMMITMENT',null,17);
Insert into WIFI4EU_ABAC.WIF_ABAC_REQUEST_PROCESS (ID,LE_ID,L_LOC_OBJ_FK,L_QUE_ID,SUBMIT_DATE,ERROR_MSG,REJECTION_MSG,REQUEST_TYPE,BC_ID,LC_ID) values (295,null,'WIF.20960',15414494,to_date('28-AUG-18','DD-MON-RR'),null,null,'BUDGETARY_COMMITMENT',40,null);
Insert into WIFI4EU_ABAC.WIF_ABAC_REQUEST_PROCESS (ID,LE_ID,L_LOC_OBJ_FK,L_QUE_ID,SUBMIT_DATE,ERROR_MSG,REJECTION_MSG,REQUEST_TYPE,BC_ID,LC_ID) values (305,269,'WIF.20970',15415726,to_date('29-AUG-18','DD-MON-RR'),null,null,'LEGAL_ENTITY',null,null);
Insert into WIFI4EU_ABAC.WIF_ABAC_REQUEST_PROCESS (ID,LE_ID,L_LOC_OBJ_FK,L_QUE_ID,SUBMIT_DATE,ERROR_MSG,REJECTION_MSG,REQUEST_TYPE,BC_ID,LC_ID) values (306,270,'WIF.20971',15415727,to_date('29-AUG-18','DD-MON-RR'),null,null,'LEGAL_ENTITY',null,null);
Insert into WIFI4EU_ABAC.WIF_ABAC_REQUEST_PROCESS (ID,LE_ID,L_LOC_OBJ_FK,L_QUE_ID,SUBMIT_DATE,ERROR_MSG,REJECTION_MSG,REQUEST_TYPE,BC_ID,LC_ID) values (307,null,'WIF.20972',15415731,to_date('29-AUG-18','DD-MON-RR'),null,null,'BUDGETARY_COMMITMENT',41,null);
Insert into WIFI4EU_ABAC.WIF_ABAC_REQUEST_PROCESS (ID,LE_ID,L_LOC_OBJ_FK,L_QUE_ID,SUBMIT_DATE,ERROR_MSG,REJECTION_MSG,REQUEST_TYPE,BC_ID,LC_ID) values (308,null,'WIF.20973',15415732,to_date('29-AUG-18','DD-MON-RR'),null,null,'BUDGETARY_COMMITMENT',42,null);
Insert into WIFI4EU_ABAC.WIF_ABAC_REQUEST_PROCESS (ID,LE_ID,L_LOC_OBJ_FK,L_QUE_ID,SUBMIT_DATE,ERROR_MSG,REJECTION_MSG,REQUEST_TYPE,BC_ID,LC_ID) values (309,null,'WIF.20974',15415733,to_date('29-AUG-18','DD-MON-RR'),null,null,'BUDGETARY_COMMITMENT',43,null);
Insert into WIFI4EU_ABAC.WIF_ABAC_REQUEST_PROCESS (ID,LE_ID,L_LOC_OBJ_FK,L_QUE_ID,SUBMIT_DATE,ERROR_MSG,REJECTION_MSG,REQUEST_TYPE,BC_ID,LC_ID) values (310,null,'WIF.20975',15415734,to_date('29-AUG-18','DD-MON-RR'),null,null,'BUDGETARY_COMMITMENT',44,null);
Insert into WIFI4EU_ABAC.WIF_ABAC_REQUEST_PROCESS (ID,LE_ID,L_LOC_OBJ_FK,L_QUE_ID,SUBMIT_DATE,ERROR_MSG,REJECTION_MSG,REQUEST_TYPE,BC_ID,LC_ID) values (312,null,'WIF.20977',15415851,to_date('29-AUG-18','DD-MON-RR'),null,null,'LEGAL_COMMITMENT',null,22);
Insert into WIFI4EU_ABAC.WIF_ABAC_REQUEST_PROCESS (ID,LE_ID,L_LOC_OBJ_FK,L_QUE_ID,SUBMIT_DATE,ERROR_MSG,REJECTION_MSG,REQUEST_TYPE,BC_ID,LC_ID) values (284,257,'WIF.20947',15413416,to_date('28-AUG-18','DD-MON-RR'),null,null,'LEGAL_ENTITY',null,null);
Insert into WIFI4EU_ABAC.WIF_ABAC_REQUEST_PROCESS (ID,LE_ID,L_LOC_OBJ_FK,L_QUE_ID,SUBMIT_DATE,ERROR_MSG,REJECTION_MSG,REQUEST_TYPE,BC_ID,LC_ID) values (313,null,'WIF.20978',15415856,to_date('29-AUG-18','DD-MON-RR'),null,null,'BUDGETARY_COMMITMENT',47,null);
Insert into WIFI4EU_ABAC.WIF_ABAC_REQUEST_PROCESS (ID,LE_ID,L_LOC_OBJ_FK,L_QUE_ID,SUBMIT_DATE,ERROR_MSG,REJECTION_MSG,REQUEST_TYPE,BC_ID,LC_ID) values (292,null,'WIF.20957',15414478,to_date('28-AUG-18','DD-MON-RR'),null,null,'BUDGETARY_COMMITMENT',39,null);
Insert into WIFI4EU_ABAC.WIF_ABAC_REQUEST_PROCESS (ID,LE_ID,L_LOC_OBJ_FK,L_QUE_ID,SUBMIT_DATE,ERROR_MSG,REJECTION_MSG,REQUEST_TYPE,BC_ID,LC_ID) values (294,259,'WIF.20959',15414493,to_date('28-AUG-18','DD-MON-RR'),null,null,'LEGAL_ENTITY',null,null);
REM INSERTING into WIFI4EU_ABAC.WIF_AUTH_ROLES
SET DEFINE OFF;
Insert into WIFI4EU_ABAC.WIF_AUTH_ROLES (ID,NAME) values (1,'ROLE_INEA_OFFICER');
Insert into WIFI4EU_ABAC.WIF_AUTH_ROLES (ID,NAME) values (2,'ROLE_INEA_COUNTER_SIGN');
REM INSERTING into WIFI4EU_ABAC.WIF_AUTH_USERS
SET DEFINE OFF;
Insert into WIFI4EU_ABAC.WIF_AUTH_USERS (ID,USERNAME,EMAIL,FIRST_NAME,LAST_NAME,ENABLED,TOKEN_EXPIRED) values (12,'woesssi','Simon.WOSS@ec.europa.eu','Simon','WOSS','y','y');
Insert into WIFI4EU_ABAC.WIF_AUTH_USERS (ID,USERNAME,EMAIL,FIRST_NAME,LAST_NAME,ENABLED,TOKEN_EXPIRED) values (13,'lindqli','Anssi-Michael.LINDQVIST@ec.europa.eu','Anssi-Michael','LINDQVIST','Y','Y');
Insert into WIFI4EU_ABAC.WIF_AUTH_USERS (ID,USERNAME,EMAIL,FIRST_NAME,LAST_NAME,ENABLED,TOKEN_EXPIRED) values (14,'collola','Laura.COLLOVATI@ec.europa.eu','Laura','COLLOVATI','Y','Y');
Insert into WIFI4EU_ABAC.WIF_AUTH_USERS (ID,USERNAME,EMAIL,FIRST_NAME,LAST_NAME,ENABLED,TOKEN_EXPIRED) values (15,'manalmi','Michael.MANALIS@ext.ec.europa.eu','Michael','MANALIS','Y','Y');
Insert into WIFI4EU_ABAC.WIF_AUTH_USERS (ID,USERNAME,EMAIL,FIRST_NAME,LAST_NAME,ENABLED,TOKEN_EXPIRED) values (16,'tsitosi','Siarhei.TSITOU@ext.ec.europa.eu','Siarhei','TSITOU','Y','Y');
Insert into WIFI4EU_ABAC.WIF_AUTH_USERS (ID,USERNAME,EMAIL,FIRST_NAME,LAST_NAME,ENABLED,TOKEN_EXPIRED) values (1,'alexand','Alexandru.ANDREI@ext.ec.europa.eu','Alexandru','Andrei','Y','Y');
Insert into WIFI4EU_ABAC.WIF_AUTH_USERS (ID,USERNAME,EMAIL,FIRST_NAME,LAST_NAME,ENABLED,TOKEN_EXPIRED) values (3,'apladap','Apostolos.APLADAS@ext.ec.europa.eu','Apostolos','Apladas','Y','Y');
Insert into WIFI4EU_ABAC.WIF_AUTH_USERS (ID,USERNAME,EMAIL,FIRST_NAME,LAST_NAME,ENABLED,TOKEN_EXPIRED) values (4,'jordazd','zdravko.jordanov@ext.ec.europa.eu','Zdravko','JORDANOV','Y','Y');
Insert into WIFI4EU_ABAC.WIF_AUTH_USERS (ID,USERNAME,EMAIL,FIRST_NAME,LAST_NAME,ENABLED,TOKEN_EXPIRED) values (5,'mitroel','Elena-Iozefina.MITROFAN@ec.europa.eu','Elena-Iozefina','MITROFAN','Y','Y');
Insert into WIFI4EU_ABAC.WIF_AUTH_USERS (ID,USERNAME,EMAIL,FIRST_NAME,LAST_NAME,ENABLED,TOKEN_EXPIRED) values (6,'leonffr','francois.leon@ec.europa.eu','Francois','LEON','Y','Y');
Insert into WIFI4EU_ABAC.WIF_AUTH_USERS (ID,USERNAME,EMAIL,FIRST_NAME,LAST_NAME,ENABLED,TOKEN_EXPIRED) values (7,'margael','Eleni.MARGARITAKI@ec.europa.eu','Eleni','MARGARITAKI','Y','Y');
Insert into WIFI4EU_ABAC.WIF_AUTH_USERS (ID,USERNAME,EMAIL,FIRST_NAME,LAST_NAME,ENABLED,TOKEN_EXPIRED) values (8,'macirvi','Vincenzo.MACIRELLA@ec.europa.eu','Vincenzo','MACIRELLA','Y','Y');
Insert into WIFI4EU_ABAC.WIF_AUTH_USERS (ID,USERNAME,EMAIL,FIRST_NAME,LAST_NAME,ENABLED,TOKEN_EXPIRED) values (9,'lakpapa','Paulina.LAK@ec.europa.eu','Paulina','LAK','Y','Y');
Insert into WIFI4EU_ABAC.WIF_AUTH_USERS (ID,USERNAME,EMAIL,FIRST_NAME,LAST_NAME,ENABLED,TOKEN_EXPIRED) values (10,'woutero','Rodolphe.WOUTERS@ec.europa.eu','Rodolphe','WOUTERS','Y','Y');
Insert into WIFI4EU_ABAC.WIF_AUTH_USERS (ID,USERNAME,EMAIL,FIRST_NAME,LAST_NAME,ENABLED,TOKEN_EXPIRED) values (11,'chalkmi','Michail.CHALKIAS@ext.ec.europa.eu','Michail','CHALKIAS','y','y');
Insert into WIFI4EU_ABAC.WIF_AUTH_USERS (ID,USERNAME,EMAIL,FIRST_NAME,LAST_NAME,ENABLED,TOKEN_EXPIRED) values (2,'frafael','Rafael.FERREIRA-DE-OLIVEIRA@ext.ec.europa.eu','Rafael','Ferreira de Oliveira','Y','Y');
REM INSERTING into WIFI4EU_ABAC.WIF_AUTH_USERS_ROLES
SET DEFINE OFF;
Insert into WIFI4EU_ABAC.WIF_AUTH_USERS_ROLES (ROLE_ID,USER_ID) values (1,12);
Insert into WIFI4EU_ABAC.WIF_AUTH_USERS_ROLES (ROLE_ID,USER_ID) values (1,13);
Insert into WIFI4EU_ABAC.WIF_AUTH_USERS_ROLES (ROLE_ID,USER_ID) values (1,14);
Insert into WIFI4EU_ABAC.WIF_AUTH_USERS_ROLES (ROLE_ID,USER_ID) values (1,15);
Insert into WIFI4EU_ABAC.WIF_AUTH_USERS_ROLES (ROLE_ID,USER_ID) values (1,16);
Insert into WIFI4EU_ABAC.WIF_AUTH_USERS_ROLES (ROLE_ID,USER_ID) values (2,1);
Insert into WIFI4EU_ABAC.WIF_AUTH_USERS_ROLES (ROLE_ID,USER_ID) values (1,1);
Insert into WIFI4EU_ABAC.WIF_AUTH_USERS_ROLES (ROLE_ID,USER_ID) values (1,3);
Insert into WIFI4EU_ABAC.WIF_AUTH_USERS_ROLES (ROLE_ID,USER_ID) values (2,2);
Insert into WIFI4EU_ABAC.WIF_AUTH_USERS_ROLES (ROLE_ID,USER_ID) values (1,4);
Insert into WIFI4EU_ABAC.WIF_AUTH_USERS_ROLES (ROLE_ID,USER_ID) values (2,4);
Insert into WIFI4EU_ABAC.WIF_AUTH_USERS_ROLES (ROLE_ID,USER_ID) values (1,5);
Insert into WIFI4EU_ABAC.WIF_AUTH_USERS_ROLES (ROLE_ID,USER_ID) values (1,6);
Insert into WIFI4EU_ABAC.WIF_AUTH_USERS_ROLES (ROLE_ID,USER_ID) values (1,7);
Insert into WIFI4EU_ABAC.WIF_AUTH_USERS_ROLES (ROLE_ID,USER_ID) values (1,8);
Insert into WIFI4EU_ABAC.WIF_AUTH_USERS_ROLES (ROLE_ID,USER_ID) values (1,9);
Insert into WIFI4EU_ABAC.WIF_AUTH_USERS_ROLES (ROLE_ID,USER_ID) values (1,10);
Insert into WIFI4EU_ABAC.WIF_AUTH_USERS_ROLES (ROLE_ID,USER_ID) values (2,3);
Insert into WIFI4EU_ABAC.WIF_AUTH_USERS_ROLES (ROLE_ID,USER_ID) values (1,11);
Insert into WIFI4EU_ABAC.WIF_AUTH_USERS_ROLES (ROLE_ID,USER_ID) values (2,11);
Insert into WIFI4EU_ABAC.WIF_AUTH_USERS_ROLES (ROLE_ID,USER_ID) values (1,2);
REM INSERTING into WIFI4EU_ABAC.WIF_BC_LEVEL2_POSITION
SET DEFINE OFF;
Insert into WIFI4EU_ABAC.WIF_BC_LEVEL2_POSITION (ID,COMMITMENT_L2_POSITION,COMMITMENT_L2_AMOUNT,BUDGETARY_COMMITMENT_ID,GLOBAL_COMMITMENT_L1_POS_KEY,COMMITMENT_L2_KEY) values (62,1,15000,62,'SI2.773329.1.B2018',null);
Insert into WIFI4EU_ABAC.WIF_BC_LEVEL2_POSITION (ID,COMMITMENT_L2_POSITION,COMMITMENT_L2_AMOUNT,BUDGETARY_COMMITMENT_ID,GLOBAL_COMMITMENT_L1_POS_KEY,COMMITMENT_L2_KEY) values (26,1,15000,31,'SI2.773329.1.B2018',null);
Insert into WIFI4EU_ABAC.WIF_BC_LEVEL2_POSITION (ID,COMMITMENT_L2_POSITION,COMMITMENT_L2_AMOUNT,BUDGETARY_COMMITMENT_ID,GLOBAL_COMMITMENT_L1_POS_KEY,COMMITMENT_L2_KEY) values (42,1,15000,45,'SI2.773329.1.B2018',null);
Insert into WIFI4EU_ABAC.WIF_BC_LEVEL2_POSITION (ID,COMMITMENT_L2_POSITION,COMMITMENT_L2_AMOUNT,BUDGETARY_COMMITMENT_ID,GLOBAL_COMMITMENT_L1_POS_KEY,COMMITMENT_L2_KEY) values (33,2,15000,31,'SI2.773329.1.B2018',null);
Insert into WIFI4EU_ABAC.WIF_BC_LEVEL2_POSITION (ID,COMMITMENT_L2_POSITION,COMMITMENT_L2_AMOUNT,BUDGETARY_COMMITMENT_ID,GLOBAL_COMMITMENT_L1_POS_KEY,COMMITMENT_L2_KEY) values (43,1,15000,46,'SI2.773329.1.B2018',null);
Insert into WIFI4EU_ABAC.WIF_BC_LEVEL2_POSITION (ID,COMMITMENT_L2_POSITION,COMMITMENT_L2_AMOUNT,BUDGETARY_COMMITMENT_ID,GLOBAL_COMMITMENT_L1_POS_KEY,COMMITMENT_L2_KEY) values (39,1,15000,42,'SI2.773329.1.B2018',null);
Insert into WIFI4EU_ABAC.WIF_BC_LEVEL2_POSITION (ID,COMMITMENT_L2_POSITION,COMMITMENT_L2_AMOUNT,BUDGETARY_COMMITMENT_ID,GLOBAL_COMMITMENT_L1_POS_KEY,COMMITMENT_L2_KEY) values (36,1,15000,39,'SI2.773329.1.B2018',null);
Insert into WIFI4EU_ABAC.WIF_BC_LEVEL2_POSITION (ID,COMMITMENT_L2_POSITION,COMMITMENT_L2_AMOUNT,BUDGETARY_COMMITMENT_ID,GLOBAL_COMMITMENT_L1_POS_KEY,COMMITMENT_L2_KEY) values (40,1,15000,43,'SI2.773329.1.B2018',null);
Insert into WIFI4EU_ABAC.WIF_BC_LEVEL2_POSITION (ID,COMMITMENT_L2_POSITION,COMMITMENT_L2_AMOUNT,BUDGETARY_COMMITMENT_ID,GLOBAL_COMMITMENT_L1_POS_KEY,COMMITMENT_L2_KEY) values (37,1,15000,40,'SI2.773329.1.B2018',null);
Insert into WIFI4EU_ABAC.WIF_BC_LEVEL2_POSITION (ID,COMMITMENT_L2_POSITION,COMMITMENT_L2_AMOUNT,BUDGETARY_COMMITMENT_ID,GLOBAL_COMMITMENT_L1_POS_KEY,COMMITMENT_L2_KEY) values (38,1,15000,41,'SI2.773329.1.B2018',null);
Insert into WIFI4EU_ABAC.WIF_BC_LEVEL2_POSITION (ID,COMMITMENT_L2_POSITION,COMMITMENT_L2_AMOUNT,BUDGETARY_COMMITMENT_ID,GLOBAL_COMMITMENT_L1_POS_KEY,COMMITMENT_L2_KEY) values (41,1,15000,44,'SI2.773329.1.B2018',null);
Insert into WIFI4EU_ABAC.WIF_BC_LEVEL2_POSITION (ID,COMMITMENT_L2_POSITION,COMMITMENT_L2_AMOUNT,BUDGETARY_COMMITMENT_ID,GLOBAL_COMMITMENT_L1_POS_KEY,COMMITMENT_L2_KEY) values (44,1,15000,47,'SI2.773329.1.B2018',null);
REM INSERTING into WIFI4EU_ABAC.WIF_BUDGETARY_COMMITMENT
SET DEFINE OFF;
Insert into WIFI4EU_ABAC.WIF_BUDGETARY_COMMITMENT (ID,WF_STATUS,LEGAL_ENTITY_ID,DATE_CREATED,DATE_UPDATED,COMMITMENT_L2_KEY,BATCH_REF) values (31,'ABAC_VALID',52,to_date('22-AUG-18','DD-MON-RR'),null,'WIF.20597','6269e212-b1dc-4910-96ee-a2d71613ca76');
Insert into WIFI4EU_ABAC.WIF_BUDGETARY_COMMITMENT (ID,WF_STATUS,LEGAL_ENTITY_ID,DATE_CREATED,DATE_UPDATED,COMMITMENT_L2_KEY,BATCH_REF) values (62,'ABAC_ERROR',53,to_date('05-SEP-18','DD-MON-RR'),null,null,'3c9d0025-2961-4de4-93ec-d7d02748e452');
Insert into WIFI4EU_ABAC.WIF_BUDGETARY_COMMITMENT (ID,WF_STATUS,LEGAL_ENTITY_ID,DATE_CREATED,DATE_UPDATED,COMMITMENT_L2_KEY,BATCH_REF) values (45,'ABAC_VALID',263,to_date('29-AUG-18','DD-MON-RR'),null,'WIF.20976','dc33b4ba-70c7-45b3-b5ff-8103d07cfd7e');
Insert into WIFI4EU_ABAC.WIF_BUDGETARY_COMMITMENT (ID,WF_STATUS,LEGAL_ENTITY_ID,DATE_CREATED,DATE_UPDATED,COMMITMENT_L2_KEY,BATCH_REF) values (46,'ABAC_VALID',269,to_date('29-AUG-18','DD-MON-RR'),null,null,'eb52c68b-bea2-49f7-a48c-ec77c2586554');
Insert into WIFI4EU_ABAC.WIF_BUDGETARY_COMMITMENT (ID,WF_STATUS,LEGAL_ENTITY_ID,DATE_CREATED,DATE_UPDATED,COMMITMENT_L2_KEY,BATCH_REF) values (42,'ABAC_VALID',260,to_date('29-AUG-18','DD-MON-RR'),null,'WIF.20973','f8328d07-f6de-44cd-b769-1c204d0efd39');
Insert into WIFI4EU_ABAC.WIF_BUDGETARY_COMMITMENT (ID,WF_STATUS,LEGAL_ENTITY_ID,DATE_CREATED,DATE_UPDATED,COMMITMENT_L2_KEY,BATCH_REF) values (43,'WAITING_APPROVAL',268,to_date('29-AUG-18','DD-MON-RR'),null,'WIF.20974','f8328d07-f6de-44cd-b769-1c204d0efd39');
Insert into WIFI4EU_ABAC.WIF_BUDGETARY_COMMITMENT (ID,WF_STATUS,LEGAL_ENTITY_ID,DATE_CREATED,DATE_UPDATED,COMMITMENT_L2_KEY,BATCH_REF) values (39,'ABAC_VALID',56,to_date('28-AUG-18','DD-MON-RR'),null,'WIF.20958','abe8e854-31d1-4ac9-9f77-1886bf7b0cd9');
Insert into WIFI4EU_ABAC.WIF_BUDGETARY_COMMITMENT (ID,WF_STATUS,LEGAL_ENTITY_ID,DATE_CREATED,DATE_UPDATED,COMMITMENT_L2_KEY,BATCH_REF) values (40,'ABAC_VALID',259,to_date('28-AUG-18','DD-MON-RR'),null,'WIF.20960','40f26de9-d0c4-41ac-94f0-8c58c1eed338');
Insert into WIFI4EU_ABAC.WIF_BUDGETARY_COMMITMENT (ID,WF_STATUS,LEGAL_ENTITY_ID,DATE_CREATED,DATE_UPDATED,COMMITMENT_L2_KEY,BATCH_REF) values (41,'ABAC_VALID',266,to_date('29-AUG-18','DD-MON-RR'),null,'WIF.20972','3b0df7cc-00ba-4f4f-b515-b9e3c550210e');
Insert into WIFI4EU_ABAC.WIF_BUDGETARY_COMMITMENT (ID,WF_STATUS,LEGAL_ENTITY_ID,DATE_CREATED,DATE_UPDATED,COMMITMENT_L2_KEY,BATCH_REF) values (44,'ABAC_VALID',264,to_date('29-AUG-18','DD-MON-RR'),null,'WIF.20975','36c068a0-4791-4e6b-a6ed-596d16e50a9b');
Insert into WIFI4EU_ABAC.WIF_BUDGETARY_COMMITMENT (ID,WF_STATUS,LEGAL_ENTITY_ID,DATE_CREATED,DATE_UPDATED,COMMITMENT_L2_KEY,BATCH_REF) values (47,'WAITING_APPROVAL',5,to_date('29-AUG-18','DD-MON-RR'),null,'WIF.20978','f17b7d2b-dc13-4903-bff4-ae6f435f1478');
REM INSERTING into WIFI4EU_ABAC.WIF_CONSTANTS
SET DEFINE OFF;
Insert into WIFI4EU_ABAC.WIF_CONSTANTS (ID,NAME,VALUE) values (21,'LEF_V_LOC_DOC_SCAN_TABLE_ALIAS','SCANNED DOCUMENT');
Insert into WIFI4EU_ABAC.WIF_CONSTANTS (ID,NAME,VALUE) values (22,'GA_COUNTERSIGN_OFFICER_NAME','Tolis');
Insert into WIFI4EU_ABAC.WIF_CONSTANTS (ID,NAME,VALUE) values (23,'GA_COUNTERSIGN_OFFICER_UID','apladap');
Insert into WIFI4EU_ABAC.WIF_CONSTANTS (ID,NAME,VALUE) values (1,'ABAC_SYS_CD','WIF');
Insert into WIFI4EU_ABAC.WIF_CONSTANTS (ID,NAME,VALUE) values (2,'LEF_V_LOC_DEST','ABACBUDT');
Insert into WIFI4EU_ABAC.WIF_CONSTANTS (ID,NAME,VALUE) values (3,'LEF_V_LOC_TRANS_AREA_CD','THP');
Insert into WIFI4EU_ABAC.WIF_CONSTANTS (ID,NAME,VALUE) values (4,'LEF_V_LOC_TRANS_TP_CD','THP');
Insert into WIFI4EU_ABAC.WIF_CONSTANTS (ID,NAME,VALUE) values (5,'LEF_V_LOC_TRANS_ACTION_CD','CREATE');
Insert into WIFI4EU_ABAC.WIF_CONSTANTS (ID,NAME,VALUE) values (6,'LEF_V_LOC_TABLE_ALIAS','LEGAL ENTITY');
Insert into WIFI4EU_ABAC.WIF_CONSTANTS (ID,NAME,VALUE) values (7,'LEF_V_LOC_DEBTOR_CAT_ID','3');
Insert into WIFI4EU_ABAC.WIF_CONSTANTS (ID,NAME,VALUE) values (8,'LEF_V_LOC_LEGAL_TYPE_CD','PULB');
Insert into WIFI4EU_ABAC.WIF_CONSTANTS (ID,NAME,VALUE) values (9,'LEF_V_LOC_RESP_ORG_STRUCT_KEY_CD','\\EU\CE\INEA');
Insert into WIFI4EU_ABAC.WIF_CONSTANTS (ID,NAME,VALUE) values (10,'LEF_V_LOC_RESP_ORG_STRUCT_TP_CD','EGY');
Insert into WIFI4EU_ABAC.WIF_CONSTANTS (ID,NAME,VALUE) values (11,'LEF_V_LOC_DOC_TABLE_ALIAS','DOCUMENT REFERENCE');
Insert into WIFI4EU_ABAC.WIF_CONSTANTS (ID,NAME,VALUE) values (12,'LEF_V_LOC_VISA_TABLE_ALIAS','VISA');
Insert into WIFI4EU_ABAC.WIF_CONSTANTS (ID,NAME,VALUE) values (13,'LEF_V_LOC_VISA_ACTION_CD','AC');
Insert into WIFI4EU_ABAC.WIF_CONSTANTS (ID,NAME,VALUE) values (14,'LEF_V_LOC_VISA_SIGNATURE','PANAGIOTOPOULOS Alexander');
Insert into WIFI4EU_ABAC.WIF_CONSTANTS (ID,NAME,VALUE) values (15,'LEF_V_LOC_VISA_DEFAULT_COMMENT','VISA GIVEN BY WIFI4EU');
Insert into WIFI4EU_ABAC.WIF_CONSTANTS (ID,NAME,VALUE) values (16,'LEF_V_LOC_VISA_AGENT_ID','panaale');
Insert into WIFI4EU_ABAC.WIF_CONSTANTS (ID,NAME,VALUE) values (17,'LEF_V_LOC_VISA_WRKFLW_CENTER_CD','WIFI4EU');
Insert into WIFI4EU_ABAC.WIF_CONSTANTS (ID,NAME,VALUE) values (18,'LEF_V_LOC_VISA_WRKFLW_ORG_NAME','INEA');
Insert into WIFI4EU_ABAC.WIF_CONSTANTS (ID,NAME,VALUE) values (19,'LEF_V_LOC_VISA_SIGN_AS_AGENT_TYPE','FIA');
Insert into WIFI4EU_ABAC.WIF_CONSTANTS (ID,NAME,VALUE) values (20,'LEF_V_LOC_VISA_SUPPLIED_AGENT_NAME','panaale');
REM INSERTING into WIFI4EU_ABAC.WIF_COUNTRY
SET DEFINE OFF;
Insert into WIFI4EU_ABAC.WIF_COUNTRY (ISO2_CODE,NAME,EU_MEMBER,ACTIVE,CCM2_CODE,NATIVE_DESCRIPTIONS,ISO3_CODE) values ('CY','Cyprus','N','Y',20000871,'Kypros/Κύπρος/Kıbrıs','CYP');
Insert into WIFI4EU_ABAC.WIF_COUNTRY (ISO2_CODE,NAME,EU_MEMBER,ACTIVE,CCM2_CODE,NATIVE_DESCRIPTIONS,ISO3_CODE) values ('EE','Estonia','N','Y',20000880,'Eesti','EST');
Insert into WIFI4EU_ABAC.WIF_COUNTRY (ISO2_CODE,NAME,EU_MEMBER,ACTIVE,CCM2_CODE,NATIVE_DESCRIPTIONS,ISO3_CODE) values ('LT','Lithuania','N','Y',20000944,'Lietuva','LTU');
Insert into WIFI4EU_ABAC.WIF_COUNTRY (ISO2_CODE,NAME,EU_MEMBER,ACTIVE,CCM2_CODE,NATIVE_DESCRIPTIONS,ISO3_CODE) values ('MT','Malta','N','Y',20000960,'Malta','MLT');
Insert into WIFI4EU_ABAC.WIF_COUNTRY (ISO2_CODE,NAME,EU_MEMBER,ACTIVE,CCM2_CODE,NATIVE_DESCRIPTIONS,ISO3_CODE) values ('AT','Austria','N','Y',20000832,'Österreich','AUT');
Insert into WIFI4EU_ABAC.WIF_COUNTRY (ISO2_CODE,NAME,EU_MEMBER,ACTIVE,CCM2_CODE,NATIVE_DESCRIPTIONS,ISO3_CODE) values ('BG','Bulgaria','N','Y',20000841,'Bulgariya or Bălgarija/България','BGR');
Insert into WIFI4EU_ABAC.WIF_COUNTRY (ISO2_CODE,NAME,EU_MEMBER,ACTIVE,CCM2_CODE,NATIVE_DESCRIPTIONS,ISO3_CODE) values ('HR','Croatia','N','Y',20000911,'Hrvatska','HRV');
Insert into WIFI4EU_ABAC.WIF_COUNTRY (ISO2_CODE,NAME,EU_MEMBER,ACTIVE,CCM2_CODE,NATIVE_DESCRIPTIONS,ISO3_CODE) values ('CZ','Czech Republic','N','Y',20000872,'Ceská republika/Cesko','CZE');
Insert into WIFI4EU_ABAC.WIF_COUNTRY (ISO2_CODE,NAME,EU_MEMBER,ACTIVE,CCM2_CODE,NATIVE_DESCRIPTIONS,ISO3_CODE) values ('DK','Denmark','N','Y',20000875,'Danmark','DNK');
Insert into WIFI4EU_ABAC.WIF_COUNTRY (ISO2_CODE,NAME,EU_MEMBER,ACTIVE,CCM2_CODE,NATIVE_DESCRIPTIONS,ISO3_CODE) values ('BE','Belgium','N','Y',20000839,'België/Belgique/Belgien','BEL');
Insert into WIFI4EU_ABAC.WIF_COUNTRY (ISO2_CODE,NAME,EU_MEMBER,ACTIVE,CCM2_CODE,NATIVE_DESCRIPTIONS,ISO3_CODE) values ('DE','Germany','N','Y',20000873,'Deutschland','DEU');
Insert into WIFI4EU_ABAC.WIF_COUNTRY (ISO2_CODE,NAME,EU_MEMBER,ACTIVE,CCM2_CODE,NATIVE_DESCRIPTIONS,ISO3_CODE) values ('SE','Sweden','N','Y',20001001,'Sverige','SWE');
Insert into WIFI4EU_ABAC.WIF_COUNTRY (ISO2_CODE,NAME,EU_MEMBER,ACTIVE,CCM2_CODE,NATIVE_DESCRIPTIONS,ISO3_CODE) values ('IT','Italy','N','Y',20000922,'Italia','ITA');
Insert into WIFI4EU_ABAC.WIF_COUNTRY (ISO2_CODE,NAME,EU_MEMBER,ACTIVE,CCM2_CODE,NATIVE_DESCRIPTIONS,ISO3_CODE) values ('ES','Spain','N','Y',20000883,'España','ESP');
Insert into WIFI4EU_ABAC.WIF_COUNTRY (ISO2_CODE,NAME,EU_MEMBER,ACTIVE,CCM2_CODE,NATIVE_DESCRIPTIONS,ISO3_CODE) values ('FI','Finland','N','Y',20000885,'Suomi/Finland','FIN');
Insert into WIFI4EU_ABAC.WIF_COUNTRY (ISO2_CODE,NAME,EU_MEMBER,ACTIVE,CCM2_CODE,NATIVE_DESCRIPTIONS,ISO3_CODE) values ('HU','Hungary','N','Y',20000913,'Magyarország','HUN');
Insert into WIFI4EU_ABAC.WIF_COUNTRY (ISO2_CODE,NAME,EU_MEMBER,ACTIVE,CCM2_CODE,NATIVE_DESCRIPTIONS,ISO3_CODE) values ('IE','Ireland','N','Y',20000915,'Éire/Ireland','IRL');
Insert into WIFI4EU_ABAC.WIF_COUNTRY (ISO2_CODE,NAME,EU_MEMBER,ACTIVE,CCM2_CODE,NATIVE_DESCRIPTIONS,ISO3_CODE) values ('FR','France','N','Y',20000890,'France','FRA');
Insert into WIFI4EU_ABAC.WIF_COUNTRY (ISO2_CODE,NAME,EU_MEMBER,ACTIVE,CCM2_CODE,NATIVE_DESCRIPTIONS,ISO3_CODE) values ('LV','Latvia','N','Y',20000946,'Latvija','LVA');
Insert into WIFI4EU_ABAC.WIF_COUNTRY (ISO2_CODE,NAME,EU_MEMBER,ACTIVE,CCM2_CODE,NATIVE_DESCRIPTIONS,ISO3_CODE) values ('NL','Netherlands','N','Y',20000973,'Nederland','NLD');
Insert into WIFI4EU_ABAC.WIF_COUNTRY (ISO2_CODE,NAME,EU_MEMBER,ACTIVE,CCM2_CODE,NATIVE_DESCRIPTIONS,ISO3_CODE) values ('PT','Portugal','N','Y',20000990,'Portugal','PRT');
Insert into WIFI4EU_ABAC.WIF_COUNTRY (ISO2_CODE,NAME,EU_MEMBER,ACTIVE,CCM2_CODE,NATIVE_DESCRIPTIONS,ISO3_CODE) values ('RO','Romania','N','Y',20000994,'România','ROU');
Insert into WIFI4EU_ABAC.WIF_COUNTRY (ISO2_CODE,NAME,EU_MEMBER,ACTIVE,CCM2_CODE,NATIVE_DESCRIPTIONS,ISO3_CODE) values ('SI','Slovenia','N','Y',20001004,'Slovenija','SVN');
Insert into WIFI4EU_ABAC.WIF_COUNTRY (ISO2_CODE,NAME,EU_MEMBER,ACTIVE,CCM2_CODE,NATIVE_DESCRIPTIONS,ISO3_CODE) values ('GB','United Kingdom','N','Y',20000893,'United Kingdom','GBR');
Insert into WIFI4EU_ABAC.WIF_COUNTRY (ISO2_CODE,NAME,EU_MEMBER,ACTIVE,CCM2_CODE,NATIVE_DESCRIPTIONS,ISO3_CODE) values ('SK','Slovakia','N','Y',20001005,'Slovensko','SVK');
Insert into WIFI4EU_ABAC.WIF_COUNTRY (ISO2_CODE,NAME,EU_MEMBER,ACTIVE,CCM2_CODE,NATIVE_DESCRIPTIONS,ISO3_CODE) values ('GR','Greece','N','Y',20000902,'Hellas/Ελλάς or Ellada/Ελλάδα','GRC');
Insert into WIFI4EU_ABAC.WIF_COUNTRY (ISO2_CODE,NAME,EU_MEMBER,ACTIVE,CCM2_CODE,NATIVE_DESCRIPTIONS,ISO3_CODE) values ('PL','Poland','N','Y',20000986,'Polska','POL');
Insert into WIFI4EU_ABAC.WIF_COUNTRY (ISO2_CODE,NAME,EU_MEMBER,ACTIVE,CCM2_CODE,NATIVE_DESCRIPTIONS,ISO3_CODE) values ('LU','Luxembourg','N','Y',20000945,'Lëtzebuerg/Luxemburg/Luxembourg','LUX');
REM INSERTING into WIFI4EU_ABAC.WIF_DOCTYPE_METADATA_TYPE
SET DEFINE OFF;
Insert into WIFI4EU_ABAC.WIF_DOCTYPE_METADATA_TYPE (ID,CCM2_DOCTYPE_ID,CCM2_DOCTYPE_ABBREV,CCM2_METADATA_ID,CCM2_METADATA_ABBREV,METADATA_KEY) values (6,31047688,'Document',31047661,'Title','TITLE');
Insert into WIFI4EU_ABAC.WIF_DOCTYPE_METADATA_TYPE (ID,CCM2_DOCTYPE_ID,CCM2_DOCTYPE_ABBREV,CCM2_METADATA_ID,CCM2_METADATA_ABBREV,METADATA_KEY) values (11,31047688,'Document',31047670,'Sent Date','SENDATE');
Insert into WIFI4EU_ABAC.WIF_DOCTYPE_METADATA_TYPE (ID,CCM2_DOCTYPE_ID,CCM2_DOCTYPE_ABBREV,CCM2_METADATA_ID,CCM2_METADATA_ABBREV,METADATA_KEY) values (12,31047688,'Document',31047676,'Save Number','SAVENUM');
Insert into WIFI4EU_ABAC.WIF_DOCTYPE_METADATA_TYPE (ID,CCM2_DOCTYPE_ID,CCM2_DOCTYPE_ABBREV,CCM2_METADATA_ID,CCM2_METADATA_ABBREV,METADATA_KEY) values (8,31047688,'Document',31047665,'Registration number','REGNUM');
Insert into WIFI4EU_ABAC.WIF_DOCTYPE_METADATA_TYPE (ID,CCM2_DOCTYPE_ID,CCM2_DOCTYPE_ABBREV,CCM2_METADATA_ID,CCM2_METADATA_ABBREV,METADATA_KEY) values (13,31047688,'Document',31053053,'Registration date','REGDATE');
Insert into WIFI4EU_ABAC.WIF_DOCTYPE_METADATA_TYPE (ID,CCM2_DOCTYPE_ID,CCM2_DOCTYPE_ABBREV,CCM2_METADATA_ID,CCM2_METADATA_ABBREV,METADATA_KEY) values (14,31047688,'Document',31059623,'ProcessReference','PROCESS_REF');
Insert into WIFI4EU_ABAC.WIF_DOCTYPE_METADATA_TYPE (ID,CCM2_DOCTYPE_ID,CCM2_DOCTYPE_ABBREV,CCM2_METADATA_ID,CCM2_METADATA_ABBREV,METADATA_KEY) values (2,31047688,'Document',31047645,'PermaLink','PERMLINK');
Insert into WIFI4EU_ABAC.WIF_DOCTYPE_METADATA_TYPE (ID,CCM2_DOCTYPE_ID,CCM2_DOCTYPE_ABBREV,CCM2_METADATA_ID,CCM2_METADATA_ABBREV,METADATA_KEY) values (16,31047688,'Document',31060248,'Obsolete','OBSOLETE');
Insert into WIFI4EU_ABAC.WIF_DOCTYPE_METADATA_TYPE (ID,CCM2_DOCTYPE_ID,CCM2_DOCTYPE_ABBREV,CCM2_METADATA_ID,CCM2_METADATA_ABBREV,METADATA_KEY) values (17,31047688,'Document',31060249,'Notarized','NOTARIZED');
Insert into WIFI4EU_ABAC.WIF_DOCTYPE_METADATA_TYPE (ID,CCM2_DOCTYPE_ID,CCM2_DOCTYPE_ABBREV,CCM2_METADATA_ID,CCM2_METADATA_ABBREV,METADATA_KEY) values (19,31047688,'Document',31065929,'InternalOnly','INTERNAL');
Insert into WIFI4EU_ABAC.WIF_DOCTYPE_METADATA_TYPE (ID,CCM2_DOCTYPE_ID,CCM2_DOCTYPE_ABBREV,CCM2_METADATA_ID,CCM2_METADATA_ABBREV,METADATA_KEY) values (18,31047688,'Document',31060752,'externalized','EXTERNALIZED');
Insert into WIFI4EU_ABAC.WIF_DOCTYPE_METADATA_TYPE (ID,CCM2_DOCTYPE_ID,CCM2_DOCTYPE_ABBREV,CCM2_METADATA_ID,CCM2_METADATA_ABBREV,METADATA_KEY) values (9,31047688,'Document',31047666,'Encoding Date','ENCDATE');
Insert into WIFI4EU_ABAC.WIF_DOCTYPE_METADATA_TYPE (ID,CCM2_DOCTYPE_ID,CCM2_DOCTYPE_ABBREV,CCM2_METADATA_ID,CCM2_METADATA_ABBREV,METADATA_KEY) values (4,31047688,'Document',31047651,'Document Date','DOCDATE');
Insert into WIFI4EU_ABAC.WIF_DOCTYPE_METADATA_TYPE (ID,CCM2_DOCTYPE_ID,CCM2_DOCTYPE_ABBREV,CCM2_METADATA_ID,CCM2_METADATA_ABBREV,METADATA_KEY) values (7,31047688,'Document',31047664,'Comments','COMMENTS');
Insert into WIFI4EU_ABAC.WIF_DOCTYPE_METADATA_TYPE (ID,CCM2_DOCTYPE_ID,CCM2_DOCTYPE_ABBREV,CCM2_METADATA_ID,CCM2_METADATA_ABBREV,METADATA_KEY) values (3,31047688,'Document',31047648,'Creation Date','CDATE');
Insert into WIFI4EU_ABAC.WIF_DOCTYPE_METADATA_TYPE (ID,CCM2_DOCTYPE_ID,CCM2_DOCTYPE_ABBREV,CCM2_METADATA_ID,CCM2_METADATA_ABBREV,METADATA_KEY) values (10,31047688,'Document',31047667,'Author','AUTHOR');
Insert into WIFI4EU_ABAC.WIF_DOCTYPE_METADATA_TYPE (ID,CCM2_DOCTYPE_ID,CCM2_DOCTYPE_ABBREV,CCM2_METADATA_ID,CCM2_METADATA_ABBREV,METADATA_KEY) values (15,31047688,'Document',31060024,'attachmentsOrder','ATTACH_ORDER');
REM INSERTING into WIFI4EU_ABAC.WIF_DOCUMENTS
SET DEFINE OFF;
Insert into WIFI4EU_ABAC.WIF_DOCUMENTS (ID,NAME,ARES_REFERENCE,ARES_DATE,MIMETYPE,DATE_CREATED,DATE_UPDATED,WF_STATUS,PORTAL_ID,LEGAL_ENTITY_ID,DOCUMENT_TYPE,FILE_NAME,PORTAL_DATE,HERMES_REF,ORIGINAL,HERMES_ATT_ID,HERMES_SAVE_NUMBER,HERMES_REG_NUMBER,DOCUMENTTYPE_CCM2CODE,HERMES_FILE_ID,HERMES_DOC_ID) values (124,'doc1004_identificationForm','Ares(2018)131486',null,'application/pdf',to_date('29-AUG-18','DD-MON-RR'),null,'ARCHIVED_IN_ARES',1004,263,'IDENTIFICATION_FORM','doc1004_identificationForm.pdf',to_date('24-AUG-18','DD-MON-RR'),null,null,'ci-e559ce25-b77f-4fca-b1cf-d4cfc8b2df2e','inea.c.c05(2018)666110','Ares(2018)131486',null,'0b0166e4851079e6','080166e4851076e3');
Insert into WIFI4EU_ABAC.WIF_DOCUMENTS (ID,NAME,ARES_REFERENCE,ARES_DATE,MIMETYPE,DATE_CREATED,DATE_UPDATED,WF_STATUS,PORTAL_ID,LEGAL_ENTITY_ID,DOCUMENT_TYPE,FILE_NAME,PORTAL_DATE,HERMES_REF,ORIGINAL,HERMES_ATT_ID,HERMES_SAVE_NUMBER,HERMES_REG_NUMBER,DOCUMENTTYPE_CCM2CODE,HERMES_FILE_ID,HERMES_DOC_ID) values (125,'doc1010_identificationForm','Ares(2018)131487',null,'application/pdf',to_date('29-AUG-18','DD-MON-RR'),null,'ARCHIVED_IN_ARES',1010,264,'IDENTIFICATION_FORM','doc1010_identificationForm.pdf',to_date('24-AUG-18','DD-MON-RR'),null,null,'ci-f3fadb2f-5c63-4b05-be9e-0c9d7af7cca6','inea.c.c05(2018)666112','Ares(2018)131487',null,'0b0166e485107776','080166e4851076e4');
Insert into WIFI4EU_ABAC.WIF_DOCUMENTS (ID,NAME,ARES_REFERENCE,ARES_DATE,MIMETYPE,DATE_CREATED,DATE_UPDATED,WF_STATUS,PORTAL_ID,LEGAL_ENTITY_ID,DOCUMENT_TYPE,FILE_NAME,PORTAL_DATE,HERMES_REF,ORIGINAL,HERMES_ATT_ID,HERMES_SAVE_NUMBER,HERMES_REG_NUMBER,DOCUMENTTYPE_CCM2CODE,HERMES_FILE_ID,HERMES_DOC_ID) values (126,'doc100201_identificationForm','Ares(2018)131488',null,'application/pdf',to_date('29-AUG-18','DD-MON-RR'),null,'ARCHIVED_IN_ARES',100201,265,'IDENTIFICATION_FORM','doc100201_identificationForm.pdf',to_date('24-AUG-18','DD-MON-RR'),null,null,'ci-35dc4133-099f-44b3-b19c-6a22d1a8bdf7','inea.c.c05(2018)666114','Ares(2018)131488',null,'0b0166e4851077f0','080166e485107838');
Insert into WIFI4EU_ABAC.WIF_DOCUMENTS (ID,NAME,ARES_REFERENCE,ARES_DATE,MIMETYPE,DATE_CREATED,DATE_UPDATED,WF_STATUS,PORTAL_ID,LEGAL_ENTITY_ID,DOCUMENT_TYPE,FILE_NAME,PORTAL_DATE,HERMES_REF,ORIGINAL,HERMES_ATT_ID,HERMES_SAVE_NUMBER,HERMES_REG_NUMBER,DOCUMENTTYPE_CCM2CODE,HERMES_FILE_ID,HERMES_DOC_ID) values (79,'doc328708',null,null,'application/pdf',to_date('22-AUG-18','DD-MON-RR'),null,'ARES_ERROR',808,52,'GRANT_AGREEMENT','doc32870grant_agreement_12_signed.pdf',null,null,null,null,'inea.c.c05(2018)665453',null,null,null,'080166e48510428d');
Insert into WIFI4EU_ABAC.WIF_DOCUMENTS (ID,NAME,ARES_REFERENCE,ARES_DATE,MIMETYPE,DATE_CREATED,DATE_UPDATED,WF_STATUS,PORTAL_ID,LEGAL_ENTITY_ID,DOCUMENT_TYPE,FILE_NAME,PORTAL_DATE,HERMES_REF,ORIGINAL,HERMES_ATT_ID,HERMES_SAVE_NUMBER,HERMES_REG_NUMBER,DOCUMENTTYPE_CCM2CODE,HERMES_FILE_ID,HERMES_DOC_ID) values (122,'doc100301_identificationForm','Ares(2018)131484',null,'application/pdf',to_date('29-AUG-18','DD-MON-RR'),null,'ARCHIVED_IN_ARES',100301,261,'IDENTIFICATION_FORM','doc100301_identificationForm.pdf',to_date('24-AUG-18','DD-MON-RR'),null,null,'ci-1b2505a8-8e53-41e9-8d25-4905230fa420','inea.c.c05(2018)666106','Ares(2018)131484',null,'0b0166e4851079e4','080166e4851076e2');
Insert into WIFI4EU_ABAC.WIF_DOCUMENTS (ID,NAME,ARES_REFERENCE,ARES_DATE,MIMETYPE,DATE_CREATED,DATE_UPDATED,WF_STATUS,PORTAL_ID,LEGAL_ENTITY_ID,DOCUMENT_TYPE,FILE_NAME,PORTAL_DATE,HERMES_REF,ORIGINAL,HERMES_ATT_ID,HERMES_SAVE_NUMBER,HERMES_REG_NUMBER,DOCUMENTTYPE_CCM2CODE,HERMES_FILE_ID,HERMES_DOC_ID) values (123,'doc1009_identificationForm','Ares(2018)131485',null,'application/pdf',to_date('29-AUG-18','DD-MON-RR'),null,'ARCHIVED_IN_ARES',1009,262,'IDENTIFICATION_FORM','doc1009_identificationForm.pdf',to_date('24-AUG-18','DD-MON-RR'),null,null,'ci-5df83f4c-1893-4aaa-8469-7a28151317e0','inea.c.c05(2018)666108','Ares(2018)131485',null,'0b0166e4851079e5','080166e4851079ca');
Insert into WIFI4EU_ABAC.WIF_DOCUMENTS (ID,NAME,ARES_REFERENCE,ARES_DATE,MIMETYPE,DATE_CREATED,DATE_UPDATED,WF_STATUS,PORTAL_ID,LEGAL_ENTITY_ID,DOCUMENT_TYPE,FILE_NAME,PORTAL_DATE,HERMES_REF,ORIGINAL,HERMES_ATT_ID,HERMES_SAVE_NUMBER,HERMES_REG_NUMBER,DOCUMENTTYPE_CCM2CODE,HERMES_FILE_ID,HERMES_DOC_ID) values (127,'doc1008_identificationForm','Ares(2018)131490',null,'application/pdf',to_date('29-AUG-18','DD-MON-RR'),null,'ARCHIVED_IN_ARES',1008,266,'IDENTIFICATION_FORM','doc1008_identificationForm.pdf',to_date('24-AUG-18','DD-MON-RR'),null,null,'ci-ef81c071-dc49-45d6-80a2-20df3dbf098b','inea.c.c05(2018)666122','Ares(2018)131490',null,'0b0166e4851077f1','080166e4851079cd');
Insert into WIFI4EU_ABAC.WIF_DOCUMENTS (ID,NAME,ARES_REFERENCE,ARES_DATE,MIMETYPE,DATE_CREATED,DATE_UPDATED,WF_STATUS,PORTAL_ID,LEGAL_ENTITY_ID,DOCUMENT_TYPE,FILE_NAME,PORTAL_DATE,HERMES_REF,ORIGINAL,HERMES_ATT_ID,HERMES_SAVE_NUMBER,HERMES_REG_NUMBER,DOCUMENTTYPE_CCM2CODE,HERMES_FILE_ID,HERMES_DOC_ID) values (128,'doc1005_identificationForm','Ares(2018)131491',null,'application/pdf',to_date('29-AUG-18','DD-MON-RR'),null,'ARCHIVED_IN_ARES',1005,267,'IDENTIFICATION_FORM','doc1005_identificationForm.pdf',to_date('24-AUG-18','DD-MON-RR'),null,null,'ci-5c9308e7-2351-4dab-af8e-8e5c8ec7140c','inea.c.c05(2018)666125','Ares(2018)131491',null,'0b0166e485107796','080166e48510783c');
Insert into WIFI4EU_ABAC.WIF_DOCUMENTS (ID,NAME,ARES_REFERENCE,ARES_DATE,MIMETYPE,DATE_CREATED,DATE_UPDATED,WF_STATUS,PORTAL_ID,LEGAL_ENTITY_ID,DOCUMENT_TYPE,FILE_NAME,PORTAL_DATE,HERMES_REF,ORIGINAL,HERMES_ATT_ID,HERMES_SAVE_NUMBER,HERMES_REG_NUMBER,DOCUMENTTYPE_CCM2CODE,HERMES_FILE_ID,HERMES_DOC_ID) values (144,'identificationForm',null,null,'application/pdf',to_date('03-SEP-18','DD-MON-RR'),null,'ARES_ERROR',666,271,'IDENTIFICATION_FORM','doc777_identificationForm.pdf',to_date('24-AUG-18','DD-MON-RR'),null,null,null,null,null,null,null,null);
Insert into WIFI4EU_ABAC.WIF_DOCUMENTS (ID,NAME,ARES_REFERENCE,ARES_DATE,MIMETYPE,DATE_CREATED,DATE_UPDATED,WF_STATUS,PORTAL_ID,LEGAL_ENTITY_ID,DOCUMENT_TYPE,FILE_NAME,PORTAL_DATE,HERMES_REF,ORIGINAL,HERMES_ATT_ID,HERMES_SAVE_NUMBER,HERMES_REG_NUMBER,DOCUMENTTYPE_CCM2CODE,HERMES_FILE_ID,HERMES_DOC_ID) values (146,'countersigned_doc100110_ga_signed','Ares(2018)131626',null,'application/pdf',to_date('05-SEP-18','DD-MON-RR'),null,'ARCHIVED_IN_ARES',null,269,'COUNTERSIGNED_GRANT_AGREEMENT','countersigned_doc100110_ga_signed.pdf',null,null,null,'ci-57acb1f1-9021-42c3-a72c-b08999497d99','inea.c.c05(2018)667866','Ares(2018)131626',null,'0b0166e485107777','080166e485112363');
Insert into WIFI4EU_ABAC.WIF_DOCUMENTS (ID,NAME,ARES_REFERENCE,ARES_DATE,MIMETYPE,DATE_CREATED,DATE_UPDATED,WF_STATUS,PORTAL_ID,LEGAL_ENTITY_ID,DOCUMENT_TYPE,FILE_NAME,PORTAL_DATE,HERMES_REF,ORIGINAL,HERMES_ATT_ID,HERMES_SAVE_NUMBER,HERMES_REG_NUMBER,DOCUMENTTYPE_CCM2CODE,HERMES_FILE_ID,HERMES_DOC_ID) values (139,'identificationForm',null,null,'application/pdf',to_date('30-AUG-18','DD-MON-RR'),null,'ARES_ERROR',777,271,'IDENTIFICATION_FORM','doc777_identificationForm.pdf',to_date('24-AUG-18','DD-MON-RR'),null,null,null,null,null,null,null,null);
Insert into WIFI4EU_ABAC.WIF_DOCUMENTS (ID,NAME,ARES_REFERENCE,ARES_DATE,MIMETYPE,DATE_CREATED,DATE_UPDATED,WF_STATUS,PORTAL_ID,LEGAL_ENTITY_ID,DOCUMENT_TYPE,FILE_NAME,PORTAL_DATE,HERMES_REF,ORIGINAL,HERMES_ATT_ID,HERMES_SAVE_NUMBER,HERMES_REG_NUMBER,DOCUMENTTYPE_CCM2CODE,HERMES_FILE_ID,HERMES_DOC_ID) values (140,'IdentificationForm',null,null,'application/pdf',to_date('30-AUG-18','DD-MON-RR'),null,'ARES_ERROR',20255,272,'IDENTIFICATION_FORM','Galatsi-IdentificationForm.pdf',to_date('24-AUG-18','DD-MON-RR'),null,null,null,null,null,null,null,null);
Insert into WIFI4EU_ABAC.WIF_DOCUMENTS (ID,NAME,ARES_REFERENCE,ARES_DATE,MIMETYPE,DATE_CREATED,DATE_UPDATED,WF_STATUS,PORTAL_ID,LEGAL_ENTITY_ID,DOCUMENT_TYPE,FILE_NAME,PORTAL_DATE,HERMES_REF,ORIGINAL,HERMES_ATT_ID,HERMES_SAVE_NUMBER,HERMES_REG_NUMBER,DOCUMENTTYPE_CCM2CODE,HERMES_FILE_ID,HERMES_DOC_ID) values (112,'identificationForm','ARES 1234',null,'application/pdf',to_date('28-AUG-18','DD-MON-RR'),null,'ARES_ERROR',888,257,'IDENTIFICATION_FORM','doc888_identificationForm.pdf',to_date('24-AUG-18','DD-MON-RR'),null,null,null,'inea.c.c05(2018)665389',null,null,null,'080166e485103c3e');
Insert into WIFI4EU_ABAC.WIF_DOCUMENTS (ID,NAME,ARES_REFERENCE,ARES_DATE,MIMETYPE,DATE_CREATED,DATE_UPDATED,WF_STATUS,PORTAL_ID,LEGAL_ENTITY_ID,DOCUMENT_TYPE,FILE_NAME,PORTAL_DATE,HERMES_REF,ORIGINAL,HERMES_ATT_ID,HERMES_SAVE_NUMBER,HERMES_REG_NUMBER,DOCUMENTTYPE_CCM2CODE,HERMES_FILE_ID,HERMES_DOC_ID) values (141,'IdentificationForm','are (mock)',null,'application/pdf',to_date('30-AUG-18','DD-MON-RR'),null,'ARES_ERROR',20256,273,'IDENTIFICATION_FORM','Omonoia-IdentificationForm.pdf',to_date('29-AUG-18','DD-MON-RR'),null,null,null,null,null,null,null,null);
Insert into WIFI4EU_ABAC.WIF_DOCUMENTS (ID,NAME,ARES_REFERENCE,ARES_DATE,MIMETYPE,DATE_CREATED,DATE_UPDATED,WF_STATUS,PORTAL_ID,LEGAL_ENTITY_ID,DOCUMENT_TYPE,FILE_NAME,PORTAL_DATE,HERMES_REF,ORIGINAL,HERMES_ATT_ID,HERMES_SAVE_NUMBER,HERMES_REG_NUMBER,DOCUMENTTYPE_CCM2CODE,HERMES_FILE_ID,HERMES_DOC_ID) values (93,'countersigned_doc328708','TESTRAFA1',null,'application/pdf',to_date('22-AUG-18','DD-MON-RR'),null,'ARES_ERROR',null,52,'COUNTERSIGNED_GRANT_AGREEMENT','1countersigned_doc32870grant_agreement_12_signed.pdf',null,null,null,null,'inea.c.c05(2018)665387',null,null,null,'080166e485103fac');
Insert into WIFI4EU_ABAC.WIF_DOCUMENTS (ID,NAME,ARES_REFERENCE,ARES_DATE,MIMETYPE,DATE_CREATED,DATE_UPDATED,WF_STATUS,PORTAL_ID,LEGAL_ENTITY_ID,DOCUMENT_TYPE,FILE_NAME,PORTAL_DATE,HERMES_REF,ORIGINAL,HERMES_ATT_ID,HERMES_SAVE_NUMBER,HERMES_REG_NUMBER,DOCUMENTTYPE_CCM2CODE,HERMES_FILE_ID,HERMES_DOC_ID) values (121,'doc100601_identificationForm','Ares(2018)131483',null,'application/pdf',to_date('29-AUG-18','DD-MON-RR'),null,'ARCHIVED_IN_ARES',100601,260,'IDENTIFICATION_FORM','doc100601_identificationForm.pdf',to_date('24-AUG-18','DD-MON-RR'),null,null,'ci-2d331626-6f68-45cd-9e09-d079083e6b13','inea.c.c05(2018)666104','Ares(2018)131483',null,'0b0166e4851077ef','080166e485107a08');
Insert into WIFI4EU_ABAC.WIF_DOCUMENTS (ID,NAME,ARES_REFERENCE,ARES_DATE,MIMETYPE,DATE_CREATED,DATE_UPDATED,WF_STATUS,PORTAL_ID,LEGAL_ENTITY_ID,DOCUMENT_TYPE,FILE_NAME,PORTAL_DATE,HERMES_REF,ORIGINAL,HERMES_ATT_ID,HERMES_SAVE_NUMBER,HERMES_REG_NUMBER,DOCUMENTTYPE_CCM2CODE,HERMES_FILE_ID,HERMES_DOC_ID) values (95,'doc32870',null,null,'application/pdf',to_date('23-AUG-18','DD-MON-RR'),null,'ARES_ERROR',1145,252,'IDENTIFICATION_FORM','London-IdentificationForm.pdf.pdf',to_date('20-JUL-18','DD-MON-RR'),null,null,null,'inea.c.c05(2018)665388',null,null,null,'080166e485104008');
Insert into WIFI4EU_ABAC.WIF_DOCUMENTS (ID,NAME,ARES_REFERENCE,ARES_DATE,MIMETYPE,DATE_CREATED,DATE_UPDATED,WF_STATUS,PORTAL_ID,LEGAL_ENTITY_ID,DOCUMENT_TYPE,FILE_NAME,PORTAL_DATE,HERMES_REF,ORIGINAL,HERMES_ATT_ID,HERMES_SAVE_NUMBER,HERMES_REG_NUMBER,DOCUMENTTYPE_CCM2CODE,HERMES_FILE_ID,HERMES_DOC_ID) values (130,'doc1015_identificationForm','Ares(2018)131493',null,'application/pdf',to_date('29-AUG-18','DD-MON-RR'),null,'ARCHIVED_IN_ARES',1015,53,'IDENTIFICATION_FORM','doc1015_identificationForm.pdf',to_date('24-AUG-18','DD-MON-RR'),null,null,'ci-ac83a8df-c449-4e41-af25-033bf6464d98','inea.c.c05(2018)666129','Ares(2018)131493',null,'0b0166e4851078a8','080166e48510783d');
Insert into WIFI4EU_ABAC.WIF_DOCUMENTS (ID,NAME,ARES_REFERENCE,ARES_DATE,MIMETYPE,DATE_CREATED,DATE_UPDATED,WF_STATUS,PORTAL_ID,LEGAL_ENTITY_ID,DOCUMENT_TYPE,FILE_NAME,PORTAL_DATE,HERMES_REF,ORIGINAL,HERMES_ATT_ID,HERMES_SAVE_NUMBER,HERMES_REG_NUMBER,DOCUMENTTYPE_CCM2CODE,HERMES_FILE_ID,HERMES_DOC_ID) values (131,'doc1001101_identificationForm','Ares(2018)131494',null,'application/pdf',to_date('29-AUG-18','DD-MON-RR'),null,'ARCHIVED_IN_ARES',1001101,269,'IDENTIFICATION_FORM','doc1001101_identificationForm.pdf',to_date('24-AUG-18','DD-MON-RR'),null,null,'ci-bbe5453a-72f1-4ef8-b80f-90740098c53f','inea.c.c05(2018)666132','Ares(2018)131494',null,'0b0166e485107777','080166e485107a0f');
Insert into WIFI4EU_ABAC.WIF_DOCUMENTS (ID,NAME,ARES_REFERENCE,ARES_DATE,MIMETYPE,DATE_CREATED,DATE_UPDATED,WF_STATUS,PORTAL_ID,LEGAL_ENTITY_ID,DOCUMENT_TYPE,FILE_NAME,PORTAL_DATE,HERMES_REF,ORIGINAL,HERMES_ATT_ID,HERMES_SAVE_NUMBER,HERMES_REG_NUMBER,DOCUMENTTYPE_CCM2CODE,HERMES_FILE_ID,HERMES_DOC_ID) values (134,'doc100206_ga_signed','Ares(2018)131497',null,'application/pdf',to_date('29-AUG-18','DD-MON-RR'),null,'ARCHIVED_IN_ARES',10060,260,'GRANT_AGREEMENT','doc100206_ga_signed.pdf',to_date('21-JUL-18','DD-MON-RR'),null,null,'ci-d65e6bd4-5512-4aeb-abff-62a95ec2bc04','inea.c.c05(2018)666139','Ares(2018)131497',null,'0b0166e4851078e9','080166e485107ab9');
Insert into WIFI4EU_ABAC.WIF_DOCUMENTS (ID,NAME,ARES_REFERENCE,ARES_DATE,MIMETYPE,DATE_CREATED,DATE_UPDATED,WF_STATUS,PORTAL_ID,LEGAL_ENTITY_ID,DOCUMENT_TYPE,FILE_NAME,PORTAL_DATE,HERMES_REF,ORIGINAL,HERMES_ATT_ID,HERMES_SAVE_NUMBER,HERMES_REG_NUMBER,DOCUMENTTYPE_CCM2CODE,HERMES_FILE_ID,HERMES_DOC_ID) values (135,'doc1002066_ga_signed','Ares(2018)131498',null,'application/pdf',to_date('29-AUG-18','DD-MON-RR'),null,'ARCHIVED_IN_ARES',10360,268,'GRANT_AGREEMENT','doc1002066_ga_signed.pdf',to_date('21-JUL-18','DD-MON-RR'),null,null,'ci-eb89cdfb-86a2-4482-8f15-2a8cdafa3425','inea.c.c05(2018)666141','Ares(2018)131498',null,'0b0166e4851079e7','080166e485107840');
Insert into WIFI4EU_ABAC.WIF_DOCUMENTS (ID,NAME,ARES_REFERENCE,ARES_DATE,MIMETYPE,DATE_CREATED,DATE_UPDATED,WF_STATUS,PORTAL_ID,LEGAL_ENTITY_ID,DOCUMENT_TYPE,FILE_NAME,PORTAL_DATE,HERMES_REF,ORIGINAL,HERMES_ATT_ID,HERMES_SAVE_NUMBER,HERMES_REG_NUMBER,DOCUMENTTYPE_CCM2CODE,HERMES_FILE_ID,HERMES_DOC_ID) values (143,'doc1033_identificationForm','ARES 518712',null,'application/pdf',to_date('03-SEP-18','DD-MON-RR'),null,'ARES_ERROR',1033,277,'IDENTIFICATION_FORM','doc1033_identificationForm.pdf',to_date('24-AUG-18','DD-MON-RR'),null,null,null,null,null,null,null,null);
Insert into WIFI4EU_ABAC.WIF_DOCUMENTS (ID,NAME,ARES_REFERENCE,ARES_DATE,MIMETYPE,DATE_CREATED,DATE_UPDATED,WF_STATUS,PORTAL_ID,LEGAL_ENTITY_ID,DOCUMENT_TYPE,FILE_NAME,PORTAL_DATE,HERMES_REF,ORIGINAL,HERMES_ATT_ID,HERMES_SAVE_NUMBER,HERMES_REG_NUMBER,DOCUMENTTYPE_CCM2CODE,HERMES_FILE_ID,HERMES_DOC_ID) values (120,'countersigned_doc1001_ga_signed','Ares(2018)131482',null,'application/pdf',to_date('28-AUG-18','DD-MON-RR'),null,'ARCHIVED_IN_ARES',null,259,'COUNTERSIGNED_GRANT_AGREEMENT','countersigned_doc1001_ga_signed.pdf',null,null,null,'ci-aa816ab1-4323-4b3f-981c-60e47a0773ea','inea.c.c05(2018)666102','Ares(2018)131482',null,'0b0166e485107775','080166e4851079ba');
Insert into WIFI4EU_ABAC.WIF_DOCUMENTS (ID,NAME,ARES_REFERENCE,ARES_DATE,MIMETYPE,DATE_CREATED,DATE_UPDATED,WF_STATUS,PORTAL_ID,LEGAL_ENTITY_ID,DOCUMENT_TYPE,FILE_NAME,PORTAL_DATE,HERMES_REF,ORIGINAL,HERMES_ATT_ID,HERMES_SAVE_NUMBER,HERMES_REG_NUMBER,DOCUMENTTYPE_CCM2CODE,HERMES_FILE_ID,HERMES_DOC_ID) values (132,'doc1025_identificationForm','Ares(2018)131495',null,'application/pdf',to_date('29-AUG-18','DD-MON-RR'),null,'ARCHIVED_IN_ARES',1025,270,'IDENTIFICATION_FORM','doc1025_identificationForm.pdf',to_date('24-AUG-18','DD-MON-RR'),null,null,'ci-6af66baa-f0f7-44b2-bd83-f672fc130b0f','inea.c.c05(2018)666134','Ares(2018)131495',null,'0b0166e4851079e9','080166e48510783e');
Insert into WIFI4EU_ABAC.WIF_DOCUMENTS (ID,NAME,ARES_REFERENCE,ARES_DATE,MIMETYPE,DATE_CREATED,DATE_UPDATED,WF_STATUS,PORTAL_ID,LEGAL_ENTITY_ID,DOCUMENT_TYPE,FILE_NAME,PORTAL_DATE,HERMES_REF,ORIGINAL,HERMES_ATT_ID,HERMES_SAVE_NUMBER,HERMES_REG_NUMBER,DOCUMENTTYPE_CCM2CODE,HERMES_FILE_ID,HERMES_DOC_ID) values (133,'doc100110_ga_signed','Ares(2018)131496',null,'application/pdf',to_date('29-AUG-18','DD-MON-RR'),null,'ARCHIVED_IN_ARES',100110,269,'GRANT_AGREEMENT','doc100110_ga_signed.pdf',to_date('29-JUL-18','DD-MON-RR'),null,null,'ci-fc418cbe-2e73-4d6c-a927-316d3afbca33','inea.c.c05(2018)666137','Ares(2018)131496',null,'0b0166e485107777','080166e48510783f');
Insert into WIFI4EU_ABAC.WIF_DOCUMENTS (ID,NAME,ARES_REFERENCE,ARES_DATE,MIMETYPE,DATE_CREATED,DATE_UPDATED,WF_STATUS,PORTAL_ID,LEGAL_ENTITY_ID,DOCUMENT_TYPE,FILE_NAME,PORTAL_DATE,HERMES_REF,ORIGINAL,HERMES_ATT_ID,HERMES_SAVE_NUMBER,HERMES_REG_NUMBER,DOCUMENTTYPE_CCM2CODE,HERMES_FILE_ID,HERMES_DOC_ID) values (136,'doc10080_ga_signed','Ares(2018)131499',null,'application/pdf',to_date('29-AUG-18','DD-MON-RR'),null,'ARCHIVED_IN_ARES',10080,266,'GRANT_AGREEMENT','doc10080_ga_signed.pdf',to_date('29-AUG-18','DD-MON-RR'),null,null,'ci-ae2bd194-ba02-483c-96cc-5c420d35a2ae','inea.c.c05(2018)666143','Ares(2018)131499',null,'0b0166e4851077f1','080166e4851078fa');
Insert into WIFI4EU_ABAC.WIF_DOCUMENTS (ID,NAME,ARES_REFERENCE,ARES_DATE,MIMETYPE,DATE_CREATED,DATE_UPDATED,WF_STATUS,PORTAL_ID,LEGAL_ENTITY_ID,DOCUMENT_TYPE,FILE_NAME,PORTAL_DATE,HERMES_REF,ORIGINAL,HERMES_ATT_ID,HERMES_SAVE_NUMBER,HERMES_REG_NUMBER,DOCUMENTTYPE_CCM2CODE,HERMES_FILE_ID,HERMES_DOC_ID) values (137,'doc10100_ga_signed','Ares(2018)131500',null,'application/pdf',to_date('29-AUG-18','DD-MON-RR'),null,'ARCHIVED_IN_ARES',10100,56,'GRANT_AGREEMENT','doc10100_ga_signed.pdf',to_date('25-JUL-18','DD-MON-RR'),null,null,'ci-c1487cbf-09f8-4371-bbb8-10d4bd852e13','inea.c.c05(2018)666176','Ares(2018)131500',null,'0b0166e485107cd6','080166e485107ab7');
Insert into WIFI4EU_ABAC.WIF_DOCUMENTS (ID,NAME,ARES_REFERENCE,ARES_DATE,MIMETYPE,DATE_CREATED,DATE_UPDATED,WF_STATUS,PORTAL_ID,LEGAL_ENTITY_ID,DOCUMENT_TYPE,FILE_NAME,PORTAL_DATE,HERMES_REF,ORIGINAL,HERMES_ATT_ID,HERMES_SAVE_NUMBER,HERMES_REG_NUMBER,DOCUMENTTYPE_CCM2CODE,HERMES_FILE_ID,HERMES_DOC_ID) values (138,'countersigned_doc10100_ga_signed','Ares(2018)131501',null,'application/pdf',to_date('29-AUG-18','DD-MON-RR'),null,'ARCHIVED_IN_ARES',null,56,'COUNTERSIGNED_GRANT_AGREEMENT','countersigned_doc10100_ga_signed.pdf',null,null,null,'ci-44ef8edc-ecc8-49fc-ba7e-996418a612fc','inea.c.c05(2018)666178','Ares(2018)131501',null,'0b0166e485107cd6','080166e485107f2e');
Insert into WIFI4EU_ABAC.WIF_DOCUMENTS (ID,NAME,ARES_REFERENCE,ARES_DATE,MIMETYPE,DATE_CREATED,DATE_UPDATED,WF_STATUS,PORTAL_ID,LEGAL_ENTITY_ID,DOCUMENT_TYPE,FILE_NAME,PORTAL_DATE,HERMES_REF,ORIGINAL,HERMES_ATT_ID,HERMES_SAVE_NUMBER,HERMES_REG_NUMBER,DOCUMENTTYPE_CCM2CODE,HERMES_FILE_ID,HERMES_DOC_ID) values (142,'doc103601680_identificationForm','ARES 666680',null,'application/pdf',to_date('03-SEP-18','DD-MON-RR'),null,'ARES_ERROR',103601680,null,'IDENTIFICATION_FORM','doc103601680_identificationForm.pdf',to_date('24-AUG-18','DD-MON-RR'),null,null,null,null,null,null,null,null);
Insert into WIFI4EU_ABAC.WIF_DOCUMENTS (ID,NAME,ARES_REFERENCE,ARES_DATE,MIMETYPE,DATE_CREATED,DATE_UPDATED,WF_STATUS,PORTAL_ID,LEGAL_ENTITY_ID,DOCUMENT_TYPE,FILE_NAME,PORTAL_DATE,HERMES_REF,ORIGINAL,HERMES_ATT_ID,HERMES_SAVE_NUMBER,HERMES_REG_NUMBER,DOCUMENTTYPE_CCM2CODE,HERMES_FILE_ID,HERMES_DOC_ID) values (119,'doc1001_ga_signed','Ares(2018)131481',null,'application/pdf',to_date('28-AUG-18','DD-MON-RR'),null,'ARCHIVED_IN_ARES',1005841,259,'GRANT_AGREEMENT','doc1001_ga_signed.pdf',to_date('21-JUL-18','DD-MON-RR'),null,null,'ci-15989129-b943-4d45-a158-ea8a52ebca5d','inea.c.c05(2018)666100','Ares(2018)131481',null,'0b0166e485107795','080166e4851079c9');
Insert into WIFI4EU_ABAC.WIF_DOCUMENTS (ID,NAME,ARES_REFERENCE,ARES_DATE,MIMETYPE,DATE_CREATED,DATE_UPDATED,WF_STATUS,PORTAL_ID,LEGAL_ENTITY_ID,DOCUMENT_TYPE,FILE_NAME,PORTAL_DATE,HERMES_REF,ORIGINAL,HERMES_ATT_ID,HERMES_SAVE_NUMBER,HERMES_REG_NUMBER,DOCUMENTTYPE_CCM2CODE,HERMES_FILE_ID,HERMES_DOC_ID) values (118,'identificationForm','ARES 51871',null,'application/pdf',to_date('28-AUG-18','DD-MON-RR'),null,'ARES_ERROR',1001,259,'IDENTIFICATION_FORM','doc1001_identificationForm.pdf',to_date('24-AUG-18','DD-MON-RR'),null,null,null,'inea.c.c05(2018)665390',null,null,null,'080166e485104009');
Insert into WIFI4EU_ABAC.WIF_DOCUMENTS (ID,NAME,ARES_REFERENCE,ARES_DATE,MIMETYPE,DATE_CREATED,DATE_UPDATED,WF_STATUS,PORTAL_ID,LEGAL_ENTITY_ID,DOCUMENT_TYPE,FILE_NAME,PORTAL_DATE,HERMES_REF,ORIGINAL,HERMES_ATT_ID,HERMES_SAVE_NUMBER,HERMES_REG_NUMBER,DOCUMENTTYPE_CCM2CODE,HERMES_FILE_ID,HERMES_DOC_ID) values (129,'doc103601_identificationForm','Ares(2018)131492',null,'application/pdf',to_date('29-AUG-18','DD-MON-RR'),null,'ARCHIVED_IN_ARES',103601,268,'IDENTIFICATION_FORM','doc103601_identificationForm.pdf',to_date('24-AUG-18','DD-MON-RR'),null,null,'ci-611e8941-21f2-48f0-82f8-48a563db5f3e','inea.c.c05(2018)666127','Ares(2018)131492',null,'0b0166e4851079e7','080166e485107a0e');
REM INSERTING into WIFI4EU_ABAC.WIF_DOCUMENT_TYPE
SET DEFINE OFF;
Insert into WIFI4EU_ABAC.WIF_DOCUMENT_TYPE (ID,DOCT_TYPE_NAME,DESCRIPTION,CCM2_DOCTYPE_ID,CCM2_DOCTYPE_ABBREV,CCM2_DOCTYPE_PARENT_ID,CCM2_DOCTYPE_PARENT_ABBREV) values (1,'DOCUMENT','Test',31047688,'Document',null,null);
REM INSERTING into WIFI4EU_ABAC.WIF_IMPORT_LOG
SET DEFINE OFF;
Insert into WIFI4EU_ABAC.WIF_IMPORT_LOG (ID,FILENAME,IMPORT_DATE,USER_ID,BATCH_REF) values (2,'portal_exportBeneficiaryInformation.csv',to_date('22-AUG-18','DD-MON-RR'),'alexand','73d011d7-5742-40be-87b2-d1d263453f20');
Insert into WIFI4EU_ABAC.WIF_IMPORT_LOG (ID,FILENAME,IMPORT_DATE,USER_ID,BATCH_REF) values (3,'portal_exportBeneficiaryInformation.csv',to_date('22-AUG-18','DD-MON-RR'),'alexand','41b97669-0448-4cc9-b0d3-9f5eda2d2cad');
Insert into WIFI4EU_ABAC.WIF_IMPORT_LOG (ID,FILENAME,IMPORT_DATE,USER_ID,BATCH_REF) values (16,'import_LC_from_portal',to_date('27-AUG-18','DD-MON-RR'),'frafael','1dcc669a-f10c-4860-9b83-d64eeedca21d');
Insert into WIFI4EU_ABAC.WIF_IMPORT_LOG (ID,FILENAME,IMPORT_DATE,USER_ID,BATCH_REF) values (17,'import_LC_from_portal',to_date('27-AUG-18','DD-MON-RR'),'frafael','fd79384f-a579-48c7-8dfd-c8b517b9630e');
Insert into WIFI4EU_ABAC.WIF_IMPORT_LOG (ID,FILENAME,IMPORT_DATE,USER_ID,BATCH_REF) values (33,'portal_exportBeneficiaryInformation.csv',to_date('29-AUG-18','DD-MON-RR'),'jordazd','eb25ff12-7bac-4568-97c3-57419133e928');
Insert into WIFI4EU_ABAC.WIF_IMPORT_LOG (ID,FILENAME,IMPORT_DATE,USER_ID,BATCH_REF) values (34,'portal_exportBeneficiaryInformation.csv',to_date('29-AUG-18','DD-MON-RR'),'macirvi','919647f9-3575-4f2c-842e-6e1fd6fbadaf');
Insert into WIFI4EU_ABAC.WIF_IMPORT_LOG (ID,FILENAME,IMPORT_DATE,USER_ID,BATCH_REF) values (35,'portal_exportBeneficiaryInformation.csv',to_date('29-AUG-18','DD-MON-RR'),'margael','38db7418-b768-4c22-9aa0-285f842ea858');
Insert into WIFI4EU_ABAC.WIF_IMPORT_LOG (ID,FILENAME,IMPORT_DATE,USER_ID,BATCH_REF) values (36,'portal_exportBeneficiaryInformation.csv',to_date('29-AUG-18','DD-MON-RR'),'apladap','fe5659bc-febd-4339-a518-ba2c2bc6e910');
Insert into WIFI4EU_ABAC.WIF_IMPORT_LOG (ID,FILENAME,IMPORT_DATE,USER_ID,BATCH_REF) values (37,'portal_exportBeneficiaryInformation.csv',to_date('29-AUG-18','DD-MON-RR'),'leonffr','8deaa1cc-4db5-41dd-9b1c-3feb85e8c618');
Insert into WIFI4EU_ABAC.WIF_IMPORT_LOG (ID,FILENAME,IMPORT_DATE,USER_ID,BATCH_REF) values (38,'portal_exportBeneficiaryInformation.csv',to_date('29-AUG-18','DD-MON-RR'),'mitroel','82406077-8129-4491-81c0-d6dad205d17d');
Insert into WIFI4EU_ABAC.WIF_IMPORT_LOG (ID,FILENAME,IMPORT_DATE,USER_ID,BATCH_REF) values (39,'portal_exportBeneficiaryInformation.csv',to_date('29-AUG-18','DD-MON-RR'),'leonffr','d6509013-0ea6-43fb-ad07-efc1e9759757');
Insert into WIFI4EU_ABAC.WIF_IMPORT_LOG (ID,FILENAME,IMPORT_DATE,USER_ID,BATCH_REF) values (71,'portal_exportBeneficiaryInformation.csv',to_date('03-SEP-18','DD-MON-RR'),'chalkmi','456302f6-a35e-4b21-bdf6-adfbe15d8927');
Insert into WIFI4EU_ABAC.WIF_IMPORT_LOG (ID,FILENAME,IMPORT_DATE,USER_ID,BATCH_REF) values (72,'portal_exportBeneficiaryInformation.csv',to_date('03-SEP-18','DD-MON-RR'),'chalkmi','3e98967d-9c2d-4bf4-ac6f-c7ef97e0ff6f');
Insert into WIFI4EU_ABAC.WIF_IMPORT_LOG (ID,FILENAME,IMPORT_DATE,USER_ID,BATCH_REF) values (73,'portal_exportBeneficiaryInformation.csv',to_date('03-SEP-18','DD-MON-RR'),'chalkmi','57007897-3288-4c2b-8c6b-17fa9351e1db');
Insert into WIFI4EU_ABAC.WIF_IMPORT_LOG (ID,FILENAME,IMPORT_DATE,USER_ID,BATCH_REF) values (74,'portal_exportBeneficiaryInformation.csv',to_date('03-SEP-18','DD-MON-RR'),'chalkmi','5a205604-79aa-4bc5-8fea-d07ca83501e4');
Insert into WIFI4EU_ABAC.WIF_IMPORT_LOG (ID,FILENAME,IMPORT_DATE,USER_ID,BATCH_REF) values (75,'portal_exportBeneficiaryInformation.csv',to_date('03-SEP-18','DD-MON-RR'),'chalkmi','323a1075-b34d-4e7e-8bc6-b2b8db925bad');
Insert into WIFI4EU_ABAC.WIF_IMPORT_LOG (ID,FILENAME,IMPORT_DATE,USER_ID,BATCH_REF) values (77,'portal_EXP_TO_AIRGAP_BC.csv',to_date('05-SEP-18','DD-MON-RR'),'frafael','ff6f3e55-58f4-44e8-9256-65808318257c');
Insert into WIFI4EU_ABAC.WIF_IMPORT_LOG (ID,FILENAME,IMPORT_DATE,USER_ID,BATCH_REF) values (78,'portal_EXP_TO_AIRGAP_BC.csv',to_date('05-SEP-18','DD-MON-RR'),'frafael','3c9d0025-2961-4de4-93ec-d7d02748e452');
Insert into WIFI4EU_ABAC.WIF_IMPORT_LOG (ID,FILENAME,IMPORT_DATE,USER_ID,BATCH_REF) values (1,'portal_exportBeneficiaryInformation.csv',to_date('21-AUG-18','DD-MON-RR'),'alexand','574563a8-c6cd-40fc-93c1-8d6d6f79ea5d');
Insert into WIFI4EU_ABAC.WIF_IMPORT_LOG (ID,FILENAME,IMPORT_DATE,USER_ID,BATCH_REF) values (13,'portal_EXP_TO_AIRGAP_BC.csv',to_date('24-AUG-18','DD-MON-RR'),'frafael','2fde8832-aa3a-4cac-85a1-048ea6d842e3');
Insert into WIFI4EU_ABAC.WIF_IMPORT_LOG (ID,FILENAME,IMPORT_DATE,USER_ID,BATCH_REF) values (22,'portal_exportBeneficiaryInformation.csv',to_date('28-AUG-18','DD-MON-RR'),'frafael','185f4c32-a9e3-4860-a435-d31844535837');
Insert into WIFI4EU_ABAC.WIF_IMPORT_LOG (ID,FILENAME,IMPORT_DATE,USER_ID,BATCH_REF) values (56,'portal_exportBeneficiaryInformation.csv',to_date('30-AUG-18','DD-MON-RR'),'chalkmi','41fd506f-019c-4f5a-b568-b13168f00879');
Insert into WIFI4EU_ABAC.WIF_IMPORT_LOG (ID,FILENAME,IMPORT_DATE,USER_ID,BATCH_REF) values (57,'portal_exportBeneficiaryInformation.csv',to_date('30-AUG-18','DD-MON-RR'),'chalkmi','2e68ca06-a2db-4863-8f79-ca4735172693');
Insert into WIFI4EU_ABAC.WIF_IMPORT_LOG (ID,FILENAME,IMPORT_DATE,USER_ID,BATCH_REF) values (4,'portal_exportBeneficiaryInformation.csv',to_date('23-AUG-18','DD-MON-RR'),'alexand','3be2f6ac-547b-4676-8557-976bb12097bd');
Insert into WIFI4EU_ABAC.WIF_IMPORT_LOG (ID,FILENAME,IMPORT_DATE,USER_ID,BATCH_REF) values (5,'portal_exportBeneficiaryInformation.csv',to_date('23-AUG-18','DD-MON-RR'),'alexand','f97d4fbc-d951-42b5-ad21-8525dd6c2f6b');
Insert into WIFI4EU_ABAC.WIF_IMPORT_LOG (ID,FILENAME,IMPORT_DATE,USER_ID,BATCH_REF) values (8,'portal_EXP_TO_AIRGAP_BC.csv',to_date('23-AUG-18','DD-MON-RR'),'alexand','463e0e84-4ec0-4be6-bee8-ae372bcb5456');
Insert into WIFI4EU_ABAC.WIF_IMPORT_LOG (ID,FILENAME,IMPORT_DATE,USER_ID,BATCH_REF) values (9,'import_LC_from_portal',to_date('23-AUG-18','DD-MON-RR'),'alexand','420eee40-eaf9-4b01-88b3-216c92626681');
Insert into WIFI4EU_ABAC.WIF_IMPORT_LOG (ID,FILENAME,IMPORT_DATE,USER_ID,BATCH_REF) values (19,'portal_EXP_TO_AIRGAP_BC.csv',to_date('27-AUG-18','DD-MON-RR'),'frafael','b9c45161-46f8-4b4e-af94-3f48a8e7f59c');
Insert into WIFI4EU_ABAC.WIF_IMPORT_LOG (ID,FILENAME,IMPORT_DATE,USER_ID,BATCH_REF) values (20,'portal_EXP_TO_AIRGAP_BC.csv',to_date('27-AUG-18','DD-MON-RR'),'frafael','8b9f5a28-7436-457d-9305-0aa631fb2ab2');
Insert into WIFI4EU_ABAC.WIF_IMPORT_LOG (ID,FILENAME,IMPORT_DATE,USER_ID,BATCH_REF) values (32,'portal_exportBeneficiaryInformation.csv',to_date('29-AUG-18','DD-MON-RR'),'woutero','8797c991-8e76-44d2-978e-52c3dbdcd573');
Insert into WIFI4EU_ABAC.WIF_IMPORT_LOG (ID,FILENAME,IMPORT_DATE,USER_ID,BATCH_REF) values (61,'portal_exportBeneficiaryInformation.csv',to_date('31-AUG-18','DD-MON-RR'),'chalkmi','5c33bfe0-09fd-4e7b-ae9d-cebda3f74ada');
Insert into WIFI4EU_ABAC.WIF_IMPORT_LOG (ID,FILENAME,IMPORT_DATE,USER_ID,BATCH_REF) values (62,'portal_exportBeneficiaryInformation.csv',to_date('31-AUG-18','DD-MON-RR'),'chalkmi','ec9e5e95-d4ff-4900-b988-f2d64d61335a');
Insert into WIFI4EU_ABAC.WIF_IMPORT_LOG (ID,FILENAME,IMPORT_DATE,USER_ID,BATCH_REF) values (18,'portal_EXP_TO_AIRGAP_BC.csv',to_date('27-AUG-18','DD-MON-RR'),'frafael','6269e212-b1dc-4910-96ee-a2d71613ca76');
Insert into WIFI4EU_ABAC.WIF_IMPORT_LOG (ID,FILENAME,IMPORT_DATE,USER_ID,BATCH_REF) values (21,'portal_EXP_TO_AIRGAP_BC.csv',to_date('27-AUG-18','DD-MON-RR'),'frafael','b2099452-9c83-49a0-ab1a-681784d93a6c');
Insert into WIFI4EU_ABAC.WIF_IMPORT_LOG (ID,FILENAME,IMPORT_DATE,USER_ID,BATCH_REF) values (26,'import_LC_from_portal',to_date('28-AUG-18','DD-MON-RR'),'frafael','88290b54-c829-4be5-ae5d-55f76b08f8c7');
Insert into WIFI4EU_ABAC.WIF_IMPORT_LOG (ID,FILENAME,IMPORT_DATE,USER_ID,BATCH_REF) values (42,'portal_exportBeneficiaryInformation.csv',to_date('29-AUG-18','DD-MON-RR'),'leonffr','ff0b326a-b675-47e6-8d1c-8dbfb076156c');
Insert into WIFI4EU_ABAC.WIF_IMPORT_LOG (ID,FILENAME,IMPORT_DATE,USER_ID,BATCH_REF) values (43,'portal_exportBeneficiaryInformation.csv',to_date('29-AUG-18','DD-MON-RR'),'jordazd','82494b8b-5ae8-4e98-8d9a-61ff7e76bd42');
Insert into WIFI4EU_ABAC.WIF_IMPORT_LOG (ID,FILENAME,IMPORT_DATE,USER_ID,BATCH_REF) values (48,'portal_EXP_TO_AIRGAP_BC.csv',to_date('29-AUG-18','DD-MON-RR'),'margael','dc33b4ba-70c7-45b3-b5ff-8103d07cfd7e');
Insert into WIFI4EU_ABAC.WIF_IMPORT_LOG (ID,FILENAME,IMPORT_DATE,USER_ID,BATCH_REF) values (49,'portal_EXP_TO_AIRGAP_BC.csv',to_date('29-AUG-18','DD-MON-RR'),'jordazd','eb52c68b-bea2-49f7-a48c-ec77c2586554');
Insert into WIFI4EU_ABAC.WIF_IMPORT_LOG (ID,FILENAME,IMPORT_DATE,USER_ID,BATCH_REF) values (50,'import_LC_from_portal',to_date('29-AUG-18','DD-MON-RR'),'mitroel','2279e589-fe78-4cae-89d6-31e81c996002');
Insert into WIFI4EU_ABAC.WIF_IMPORT_LOG (ID,FILENAME,IMPORT_DATE,USER_ID,BATCH_REF) values (52,'import_LC_from_portal',to_date('29-AUG-18','DD-MON-RR'),'woutero','4ec7c193-2254-4124-bbe6-1f1ee06d8959');
Insert into WIFI4EU_ABAC.WIF_IMPORT_LOG (ID,FILENAME,IMPORT_DATE,USER_ID,BATCH_REF) values (63,'portal_exportBeneficiaryInformation.csv',to_date('03-SEP-18','DD-MON-RR'),'leonffr','b6cea4e5-ea80-4f9b-bc92-94cb7318e65e');
Insert into WIFI4EU_ABAC.WIF_IMPORT_LOG (ID,FILENAME,IMPORT_DATE,USER_ID,BATCH_REF) values (64,'portal_exportBeneficiaryInformation.csv',to_date('03-SEP-18','DD-MON-RR'),'chalkmi','049cdd61-1ead-48d8-afa5-c58340a51113');
Insert into WIFI4EU_ABAC.WIF_IMPORT_LOG (ID,FILENAME,IMPORT_DATE,USER_ID,BATCH_REF) values (65,'portal_exportBeneficiaryInformation.csv',to_date('03-SEP-18','DD-MON-RR'),'chalkmi','6797ee4a-ea5f-4ecf-888f-29cdd46226a1');
Insert into WIFI4EU_ABAC.WIF_IMPORT_LOG (ID,FILENAME,IMPORT_DATE,USER_ID,BATCH_REF) values (67,'portal_exportBeneficiaryInformation.csv',to_date('03-SEP-18','DD-MON-RR'),'chalkmi','ff4fce2d-03cd-4ddc-8793-1007c5bbc920');
Insert into WIFI4EU_ABAC.WIF_IMPORT_LOG (ID,FILENAME,IMPORT_DATE,USER_ID,BATCH_REF) values (68,'portal_exportBeneficiaryInformation.csv',to_date('03-SEP-18','DD-MON-RR'),'chalkmi','023a70f8-795d-43bd-948e-863c6fe8d3cf');
Insert into WIFI4EU_ABAC.WIF_IMPORT_LOG (ID,FILENAME,IMPORT_DATE,USER_ID,BATCH_REF) values (11,'portal_exportBeneficiaryInformation.csv',to_date('24-AUG-18','DD-MON-RR'),'frafael','3d9e51ea-231a-4fc1-b901-1c59587584a4');
Insert into WIFI4EU_ABAC.WIF_IMPORT_LOG (ID,FILENAME,IMPORT_DATE,USER_ID,BATCH_REF) values (12,'portal_EXP_TO_AIRGAP_BC.csv',to_date('24-AUG-18','DD-MON-RR'),'frafael','06939969-0b03-434c-8d38-b0803469aba1');
Insert into WIFI4EU_ABAC.WIF_IMPORT_LOG (ID,FILENAME,IMPORT_DATE,USER_ID,BATCH_REF) values (15,'portal_exportBeneficiaryInformation.csv',to_date('24-AUG-18','DD-MON-RR'),'frafael','cb356248-52e1-4f35-a90d-ea91c57d67b6');
Insert into WIFI4EU_ABAC.WIF_IMPORT_LOG (ID,FILENAME,IMPORT_DATE,USER_ID,BATCH_REF) values (23,'portal_exportBeneficiaryInformation.csv',to_date('28-AUG-18','DD-MON-RR'),'frafael','3fab23fd-a81f-4254-a424-d858d82bc2c5');
Insert into WIFI4EU_ABAC.WIF_IMPORT_LOG (ID,FILENAME,IMPORT_DATE,USER_ID,BATCH_REF) values (24,'portal_EXP_TO_AIRGAP_BC.csv',to_date('28-AUG-18','DD-MON-RR'),'frafael','5d50dbf0-27b7-4739-9fc4-acdc3930d8f4');
Insert into WIFI4EU_ABAC.WIF_IMPORT_LOG (ID,FILENAME,IMPORT_DATE,USER_ID,BATCH_REF) values (25,'import_LC_from_portal',to_date('28-AUG-18','DD-MON-RR'),'frafael','bc8981b0-7c01-4a61-b437-dba8362121b3');
Insert into WIFI4EU_ABAC.WIF_IMPORT_LOG (ID,FILENAME,IMPORT_DATE,USER_ID,BATCH_REF) values (27,'portal_EXP_TO_AIRGAP_BC.csv',to_date('28-AUG-18','DD-MON-RR'),'frafael','abe8e854-31d1-4ac9-9f77-1886bf7b0cd9');
Insert into WIFI4EU_ABAC.WIF_IMPORT_LOG (ID,FILENAME,IMPORT_DATE,USER_ID,BATCH_REF) values (28,'portal_exportBeneficiaryInformation.csv',to_date('28-AUG-18','DD-MON-RR'),'frafael','8faab756-9958-405b-9101-6097bbe39ce6');
Insert into WIFI4EU_ABAC.WIF_IMPORT_LOG (ID,FILENAME,IMPORT_DATE,USER_ID,BATCH_REF) values (29,'portal_EXP_TO_AIRGAP_BC.csv',to_date('28-AUG-18','DD-MON-RR'),'frafael','40f26de9-d0c4-41ac-94f0-8c58c1eed338');
Insert into WIFI4EU_ABAC.WIF_IMPORT_LOG (ID,FILENAME,IMPORT_DATE,USER_ID,BATCH_REF) values (30,'import_LC_from_portal',to_date('28-AUG-18','DD-MON-RR'),'frafael','43055a9c-60e0-4d64-a9fe-25a30e3e6260');
Insert into WIFI4EU_ABAC.WIF_IMPORT_LOG (ID,FILENAME,IMPORT_DATE,USER_ID,BATCH_REF) values (31,'import_LC_from_portal',to_date('28-AUG-18','DD-MON-RR'),'frafael','c90b0700-32ac-4873-afe5-8c9179b42ca7');
Insert into WIFI4EU_ABAC.WIF_IMPORT_LOG (ID,FILENAME,IMPORT_DATE,USER_ID,BATCH_REF) values (40,'portal_exportBeneficiaryInformation.csv',to_date('29-AUG-18','DD-MON-RR'),'woutero','1a7c9176-bd53-447b-b047-7c803a713e46');
Insert into WIFI4EU_ABAC.WIF_IMPORT_LOG (ID,FILENAME,IMPORT_DATE,USER_ID,BATCH_REF) values (41,'portal_exportBeneficiaryInformation.csv',to_date('29-AUG-18','DD-MON-RR'),'leonffr','892f20dc-5438-454b-8f81-b68c3cf6e4c7');
Insert into WIFI4EU_ABAC.WIF_IMPORT_LOG (ID,FILENAME,IMPORT_DATE,USER_ID,BATCH_REF) values (44,'portal_exportBeneficiaryInformation.csv',to_date('29-AUG-18','DD-MON-RR'),'leonffr','5079f2fb-af44-4cf8-9729-5e272200ec32');
Insert into WIFI4EU_ABAC.WIF_IMPORT_LOG (ID,FILENAME,IMPORT_DATE,USER_ID,BATCH_REF) values (45,'portal_EXP_TO_AIRGAP_BC.csv',to_date('29-AUG-18','DD-MON-RR'),'mitroel','3b0df7cc-00ba-4f4f-b515-b9e3c550210e');
Insert into WIFI4EU_ABAC.WIF_IMPORT_LOG (ID,FILENAME,IMPORT_DATE,USER_ID,BATCH_REF) values (46,'portal_EXP_TO_AIRGAP_BC.csv',to_date('29-AUG-18','DD-MON-RR'),'woutero','f8328d07-f6de-44cd-b769-1c204d0efd39');
Insert into WIFI4EU_ABAC.WIF_IMPORT_LOG (ID,FILENAME,IMPORT_DATE,USER_ID,BATCH_REF) values (47,'portal_EXP_TO_AIRGAP_BC.csv',to_date('29-AUG-18','DD-MON-RR'),'apladap','36c068a0-4791-4e6b-a6ed-596d16e50a9b');
Insert into WIFI4EU_ABAC.WIF_IMPORT_LOG (ID,FILENAME,IMPORT_DATE,USER_ID,BATCH_REF) values (51,'import_LC_from_portal',to_date('29-AUG-18','DD-MON-RR'),'jordazd','991ae1b5-3ae1-48ff-9445-34ffe0cba87b');
Insert into WIFI4EU_ABAC.WIF_IMPORT_LOG (ID,FILENAME,IMPORT_DATE,USER_ID,BATCH_REF) values (53,'import_LC_from_portal',to_date('29-AUG-18','DD-MON-RR'),'mitroel','1b09e1bb-5c6a-4904-ab0d-f40d93352798');
Insert into WIFI4EU_ABAC.WIF_IMPORT_LOG (ID,FILENAME,IMPORT_DATE,USER_ID,BATCH_REF) values (54,'import_LC_from_portal',to_date('29-AUG-18','DD-MON-RR'),'apladap','b99495d6-f62a-466d-92c7-665bd63c5844');
Insert into WIFI4EU_ABAC.WIF_IMPORT_LOG (ID,FILENAME,IMPORT_DATE,USER_ID,BATCH_REF) values (55,'portal_EXP_TO_AIRGAP_BC.csv',to_date('29-AUG-18','DD-MON-RR'),'frafael','f17b7d2b-dc13-4903-bff4-ae6f435f1478');
REM INSERTING into WIFI4EU_ABAC.WIF_LANGUAGE
SET DEFINE OFF;
Insert into WIFI4EU_ABAC.WIF_LANGUAGE (CD,NAME,ACTIVE,CCM2_CODE,NATIVE_DESCRIPTIONS) values ('ar','Arabic','Y',20001105,null);
Insert into WIFI4EU_ABAC.WIF_LANGUAGE (CD,NAME,ACTIVE,CCM2_CODE,NATIVE_DESCRIPTIONS) values ('be','Belarusian','Y',20001113,null);
Insert into WIFI4EU_ABAC.WIF_LANGUAGE (CD,NAME,ACTIVE,CCM2_CODE,NATIVE_DESCRIPTIONS) values ('ch','Chamorro','Y',20001124,null);
Insert into WIFI4EU_ABAC.WIF_LANGUAGE (CD,NAME,ACTIVE,CCM2_CODE,NATIVE_DESCRIPTIONS) values ('ce','Chechen','Y',20001125,null);
Insert into WIFI4EU_ABAC.WIF_LANGUAGE (CD,NAME,ACTIVE,CCM2_CODE,NATIVE_DESCRIPTIONS) values ('gn','Guarani','Y',20001152,null);
Insert into WIFI4EU_ABAC.WIF_LANGUAGE (CD,NAME,ACTIVE,CCM2_CODE,NATIVE_DESCRIPTIONS) values ('hz','Herero','Y',20001156,null);
Insert into WIFI4EU_ABAC.WIF_LANGUAGE (CD,NAME,ACTIVE,CCM2_CODE,NATIVE_DESCRIPTIONS) values ('hi','Hindi','Y',20001157,null);
Insert into WIFI4EU_ABAC.WIF_LANGUAGE (CD,NAME,ACTIVE,CCM2_CODE,NATIVE_DESCRIPTIONS) values ('is','Icelandic','Y',20001160,'Íslenska');
Insert into WIFI4EU_ABAC.WIF_LANGUAGE (CD,NAME,ACTIVE,CCM2_CODE,NATIVE_DESCRIPTIONS) values ('kn','Kannada','Y',20001172,null);
Insert into WIFI4EU_ABAC.WIF_LANGUAGE (CD,NAME,ACTIVE,CCM2_CODE,NATIVE_DESCRIPTIONS) values ('rw','Kinyarwanda','Y',20001177,null);
Insert into WIFI4EU_ABAC.WIF_LANGUAGE (CD,NAME,ACTIVE,CCM2_CODE,NATIVE_DESCRIPTIONS) values ('kv','Komi','Y',20001179,null);
Insert into WIFI4EU_ABAC.WIF_LANGUAGE (CD,NAME,ACTIVE,CCM2_CODE,NATIVE_DESCRIPTIONS) values ('ml','Malayalam','Y',20001194,null);
Insert into WIFI4EU_ABAC.WIF_LANGUAGE (CD,NAME,ACTIVE,CCM2_CODE,NATIVE_DESCRIPTIONS) values ('mi','Maori','Y',20001197,null);
Insert into WIFI4EU_ABAC.WIF_LANGUAGE (CD,NAME,ACTIVE,CCM2_CODE,NATIVE_DESCRIPTIONS) values ('om','Oromo','Y',20001217,null);
Insert into WIFI4EU_ABAC.WIF_LANGUAGE (CD,NAME,ACTIVE,CCM2_CODE,NATIVE_DESCRIPTIONS) values ('pi','Pali','Y',20001220,null);
Insert into WIFI4EU_ABAC.WIF_LANGUAGE (CD,NAME,ACTIVE,CCM2_CODE,NATIVE_DESCRIPTIONS) values ('th','Thai','Y',20001256,null);
Insert into WIFI4EU_ABAC.WIF_LANGUAGE (CD,NAME,ACTIVE,CCM2_CODE,NATIVE_DESCRIPTIONS) values ('ti','Tigrinya','Y',20001258,null);
Insert into WIFI4EU_ABAC.WIF_LANGUAGE (CD,NAME,ACTIVE,CCM2_CODE,NATIVE_DESCRIPTIONS) values ('dz','Dzongkha','Y',20001137,null);
Insert into WIFI4EU_ABAC.WIF_LANGUAGE (CD,NAME,ACTIVE,CCM2_CODE,NATIVE_DESCRIPTIONS) values ('aa','Afar','Y',20001101,null);
Insert into WIFI4EU_ABAC.WIF_LANGUAGE (CD,NAME,ACTIVE,CCM2_CODE,NATIVE_DESCRIPTIONS) values ('eo','Esperanto','Y',20001139,null);
Insert into WIFI4EU_ABAC.WIF_LANGUAGE (CD,NAME,ACTIVE,CCM2_CODE,NATIVE_DESCRIPTIONS) values ('et','Estonian','Y',20001140,'eesti');
Insert into WIFI4EU_ABAC.WIF_LANGUAGE (CD,NAME,ACTIVE,CCM2_CODE,NATIVE_DESCRIPTIONS) values ('ko','Korean','Y',20001180,null);
Insert into WIFI4EU_ABAC.WIF_LANGUAGE (CD,NAME,ACTIVE,CCM2_CODE,NATIVE_DESCRIPTIONS) values ('lb','Luxembourgish, Letzeburgesch','Y',20001190,null);
Insert into WIFI4EU_ABAC.WIF_LANGUAGE (CD,NAME,ACTIVE,CCM2_CODE,NATIVE_DESCRIPTIONS) values ('fa','Persian','Y',20001222,null);
Insert into WIFI4EU_ABAC.WIF_LANGUAGE (CD,NAME,ACTIVE,CCM2_CODE,NATIVE_DESCRIPTIONS) values ('ro','Romanian','Y',20001228,'româna');
Insert into WIFI4EU_ABAC.WIF_LANGUAGE (CD,NAME,ACTIVE,CCM2_CODE,NATIVE_DESCRIPTIONS) values ('sm','Samoan','Y',20001231,null);
Insert into WIFI4EU_ABAC.WIF_LANGUAGE (CD,NAME,ACTIVE,CCM2_CODE,NATIVE_DESCRIPTIONS) values ('sc','Sardinian','Y',20001234,null);
Insert into WIFI4EU_ABAC.WIF_LANGUAGE (CD,NAME,ACTIVE,CCM2_CODE,NATIVE_DESCRIPTIONS) values ('sr','Serbian','Y',20001236,null);
Insert into WIFI4EU_ABAC.WIF_LANGUAGE (CD,NAME,ACTIVE,CCM2_CODE,NATIVE_DESCRIPTIONS) values ('sn','Shona','Y',20001237,null);
Insert into WIFI4EU_ABAC.WIF_LANGUAGE (CD,NAME,ACTIVE,CCM2_CODE,NATIVE_DESCRIPTIONS) values ('ss','Swati','Y',20001248,null);
Insert into WIFI4EU_ABAC.WIF_LANGUAGE (CD,NAME,ACTIVE,CCM2_CODE,NATIVE_DESCRIPTIONS) values ('fy','Frisian','Y',20001145,null);
Insert into WIFI4EU_ABAC.WIF_LANGUAGE (CD,NAME,ACTIVE,CCM2_CODE,NATIVE_DESCRIPTIONS) values ('ca','Catalan','Y',20001279,null);
Insert into WIFI4EU_ABAC.WIF_LANGUAGE (CD,NAME,ACTIVE,CCM2_CODE,NATIVE_DESCRIPTIONS) values ('sq','Albanian','Y',20001103,null);
Insert into WIFI4EU_ABAC.WIF_LANGUAGE (CD,NAME,ACTIVE,CCM2_CODE,NATIVE_DESCRIPTIONS) values ('hy','Armenian','Y',20001106,null);
Insert into WIFI4EU_ABAC.WIF_LANGUAGE (CD,NAME,ACTIVE,CCM2_CODE,NATIVE_DESCRIPTIONS) values ('bn','Bengali','Y',20001114,null);
Insert into WIFI4EU_ABAC.WIF_LANGUAGE (CD,NAME,ACTIVE,CCM2_CODE,NATIVE_DESCRIPTIONS) values ('nl','Dutch','Y',20001136,'Nederlands');
Insert into WIFI4EU_ABAC.WIF_LANGUAGE (CD,NAME,ACTIVE,CCM2_CODE,NATIVE_DESCRIPTIONS) values ('iu','Inuktitut','Y',20001165,null);
Insert into WIFI4EU_ABAC.WIF_LANGUAGE (CD,NAME,ACTIVE,CCM2_CODE,NATIVE_DESCRIPTIONS) values ('jv','Javanese','Y',20001170,null);
Insert into WIFI4EU_ABAC.WIF_LANGUAGE (CD,NAME,ACTIVE,CCM2_CODE,NATIVE_DESCRIPTIONS) values ('ks','Kashmiri','Y',20001173,null);
Insert into WIFI4EU_ABAC.WIF_LANGUAGE (CD,NAME,ACTIVE,CCM2_CODE,NATIVE_DESCRIPTIONS) values ('lv','Latvian','Y',20001186,'latviešu');
Insert into WIFI4EU_ABAC.WIF_LANGUAGE (CD,NAME,ACTIVE,CCM2_CODE,NATIVE_DESCRIPTIONS) values ('ln','Lingala','Y',20001188,null);
Insert into WIFI4EU_ABAC.WIF_LANGUAGE (CD,NAME,ACTIVE,CCM2_CODE,NATIVE_DESCRIPTIONS) values ('mh','Marshallese','Y',20001199,null);
Insert into WIFI4EU_ABAC.WIF_LANGUAGE (CD,NAME,ACTIVE,CCM2_CODE,NATIVE_DESCRIPTIONS) values ('nd','North Ndebele','Y',20001210,null);
Insert into WIFI4EU_ABAC.WIF_LANGUAGE (CD,NAME,ACTIVE,CCM2_CODE,NATIVE_DESCRIPTIONS) values ('no','Norwegian','Y',20001211,'norsk');
Insert into WIFI4EU_ABAC.WIF_LANGUAGE (CD,NAME,ACTIVE,CCM2_CODE,NATIVE_DESCRIPTIONS) values ('pa','Panjabi','Y',20001221,null);
Insert into WIFI4EU_ABAC.WIF_LANGUAGE (CD,NAME,ACTIVE,CCM2_CODE,NATIVE_DESCRIPTIONS) values ('ru','Russian','Y',20001230,null);
Insert into WIFI4EU_ABAC.WIF_LANGUAGE (CD,NAME,ACTIVE,CCM2_CODE,NATIVE_DESCRIPTIONS) values ('sa','Sanskrit','Y',20001233,null);
Insert into WIFI4EU_ABAC.WIF_LANGUAGE (CD,NAME,ACTIVE,CCM2_CODE,NATIVE_DESCRIPTIONS) values ('tt','Tatar','Y',20001254,null);
Insert into WIFI4EU_ABAC.WIF_LANGUAGE (CD,NAME,ACTIVE,CCM2_CODE,NATIVE_DESCRIPTIONS) values ('tn','Tswana','Y',20001261,null);
Insert into WIFI4EU_ABAC.WIF_LANGUAGE (CD,NAME,ACTIVE,CCM2_CODE,NATIVE_DESCRIPTIONS) values ('vo','Volapük','Y',20001270,null);
Insert into WIFI4EU_ABAC.WIF_LANGUAGE (CD,NAME,ACTIVE,CCM2_CODE,NATIVE_DESCRIPTIONS) values ('zu','Zulu','Y',20001278,null);
Insert into WIFI4EU_ABAC.WIF_LANGUAGE (CD,NAME,ACTIVE,CCM2_CODE,NATIVE_DESCRIPTIONS) values ('my','Burmese','Y',20001121,null);
Insert into WIFI4EU_ABAC.WIF_LANGUAGE (CD,NAME,ACTIVE,CCM2_CODE,NATIVE_DESCRIPTIONS) values ('cv','Chuvash','Y',20001130,null);
Insert into WIFI4EU_ABAC.WIF_LANGUAGE (CD,NAME,ACTIVE,CCM2_CODE,NATIVE_DESCRIPTIONS) values ('cs','Czech','Y',20001134,'ceština');
Insert into WIFI4EU_ABAC.WIF_LANGUAGE (CD,NAME,ACTIVE,CCM2_CODE,NATIVE_DESCRIPTIONS) values ('ki','Gikuyu, Kikuyu','Y',20001150,'Gikuyu; Kikuyu');
Insert into WIFI4EU_ABAC.WIF_LANGUAGE (CD,NAME,ACTIVE,CCM2_CODE,NATIVE_DESCRIPTIONS) values ('ty','Tahitian','Y',20001251,null);
Insert into WIFI4EU_ABAC.WIF_LANGUAGE (CD,NAME,ACTIVE,CCM2_CODE,NATIVE_DESCRIPTIONS) values ('yi','Yiddish','Y',20001275,null);
Insert into WIFI4EU_ABAC.WIF_LANGUAGE (CD,NAME,ACTIVE,CCM2_CODE,NATIVE_DESCRIPTIONS) values ('bh','Bihari','Y',20001115,null);
Insert into WIFI4EU_ABAC.WIF_LANGUAGE (CD,NAME,ACTIVE,CCM2_CODE,NATIVE_DESCRIPTIONS) values ('da','Danish','Y',20001135,'dansk');
Insert into WIFI4EU_ABAC.WIF_LANGUAGE (CD,NAME,ACTIVE,CCM2_CODE,NATIVE_DESCRIPTIONS) values ('ka','Georgian','Y',20001148,null);
Insert into WIFI4EU_ABAC.WIF_LANGUAGE (CD,NAME,ACTIVE,CCM2_CODE,NATIVE_DESCRIPTIONS) values ('ha','Hausa','Y',20001154,null);
Insert into WIFI4EU_ABAC.WIF_LANGUAGE (CD,NAME,ACTIVE,CCM2_CODE,NATIVE_DESCRIPTIONS) values ('id','Indonesian','Y',20001162,null);
Insert into WIFI4EU_ABAC.WIF_LANGUAGE (CD,NAME,ACTIVE,CCM2_CODE,NATIVE_DESCRIPTIONS) values ('kl','Kalaallisut','Y',20001171,null);
Insert into WIFI4EU_ABAC.WIF_LANGUAGE (CD,NAME,ACTIVE,CCM2_CODE,NATIVE_DESCRIPTIONS) values ('km','Khmer','Y',20001175,null);
Insert into WIFI4EU_ABAC.WIF_LANGUAGE (CD,NAME,ACTIVE,CCM2_CODE,NATIVE_DESCRIPTIONS) values ('mg','Malagasy','Y',20001192,null);
Insert into WIFI4EU_ABAC.WIF_LANGUAGE (CD,NAME,ACTIVE,CCM2_CODE,NATIVE_DESCRIPTIONS) values ('se','Northern Sami','Y',20001209,null);
Insert into WIFI4EU_ABAC.WIF_LANGUAGE (CD,NAME,ACTIVE,CCM2_CODE,NATIVE_DESCRIPTIONS) values ('or','Oriya','Y',20001216,null);
Insert into WIFI4EU_ABAC.WIF_LANGUAGE (CD,NAME,ACTIVE,CCM2_CODE,NATIVE_DESCRIPTIONS) values ('os','Ossetian, Ossetic','Y',20001218,null);
Insert into WIFI4EU_ABAC.WIF_LANGUAGE (CD,NAME,ACTIVE,CCM2_CODE,NATIVE_DESCRIPTIONS) values ('pl','Polish','Y',20001223,'polski');
Insert into WIFI4EU_ABAC.WIF_LANGUAGE (CD,NAME,ACTIVE,CCM2_CODE,NATIVE_DESCRIPTIONS) values ('qu','Quechua','Y',20001226,null);
Insert into WIFI4EU_ABAC.WIF_LANGUAGE (CD,NAME,ACTIVE,CCM2_CODE,NATIVE_DESCRIPTIONS) values ('su','Sundanese','Y',20001246,null);
Insert into WIFI4EU_ABAC.WIF_LANGUAGE (CD,NAME,ACTIVE,CCM2_CODE,NATIVE_DESCRIPTIONS) values ('uk','Ukrainian','Y',20001266,null);
Insert into WIFI4EU_ABAC.WIF_LANGUAGE (CD,NAME,ACTIVE,CCM2_CODE,NATIVE_DESCRIPTIONS) values ('uz','Uzbek','Y',20001268,null);
Insert into WIFI4EU_ABAC.WIF_LANGUAGE (CD,NAME,ACTIVE,CCM2_CODE,NATIVE_DESCRIPTIONS) values ('cy','Welsh','Y',20001272,null);
Insert into WIFI4EU_ABAC.WIF_LANGUAGE (CD,NAME,ACTIVE,CCM2_CODE,NATIVE_DESCRIPTIONS) values ('wo','Wolof','Y',20001273,null);
Insert into WIFI4EU_ABAC.WIF_LANGUAGE (CD,NAME,ACTIVE,CCM2_CODE,NATIVE_DESCRIPTIONS) values ('za','Zhuang, Chuang','Y',20001277,null);
Insert into WIFI4EU_ABAC.WIF_LANGUAGE (CD,NAME,ACTIVE,CCM2_CODE,NATIVE_DESCRIPTIONS) values ('ab','Abkhazian','Y',20001100,null);
Insert into WIFI4EU_ABAC.WIF_LANGUAGE (CD,NAME,ACTIVE,CCM2_CODE,NATIVE_DESCRIPTIONS) values ('am','Amharic','Y',20001104,null);
Insert into WIFI4EU_ABAC.WIF_LANGUAGE (CD,NAME,ACTIVE,CCM2_CODE,NATIVE_DESCRIPTIONS) values ('he','Hebrew','Y',20001155,null);
Insert into WIFI4EU_ABAC.WIF_LANGUAGE (CD,NAME,ACTIVE,CCM2_CODE,NATIVE_DESCRIPTIONS) values ('as','Assamese','Y',20001107,null);
Insert into WIFI4EU_ABAC.WIF_LANGUAGE (CD,NAME,ACTIVE,CCM2_CODE,NATIVE_DESCRIPTIONS) values ('ay','Aymara','Y',20001109,null);
Insert into WIFI4EU_ABAC.WIF_LANGUAGE (CD,NAME,ACTIVE,CCM2_CODE,NATIVE_DESCRIPTIONS) values ('bg','Bulgarian','Y',20001120,'български език');
Insert into WIFI4EU_ABAC.WIF_LANGUAGE (CD,NAME,ACTIVE,CCM2_CODE,NATIVE_DESCRIPTIONS) values ('kw','Cornish','Y',20001131,null);
Insert into WIFI4EU_ABAC.WIF_LANGUAGE (CD,NAME,ACTIVE,CCM2_CODE,NATIVE_DESCRIPTIONS) values ('gl','Gallegan','Y',20001147,null);
Insert into WIFI4EU_ABAC.WIF_LANGUAGE (CD,NAME,ACTIVE,CCM2_CODE,NATIVE_DESCRIPTIONS) values ('de','German','Y',20001149,'Deutsch');
Insert into WIFI4EU_ABAC.WIF_LANGUAGE (CD,NAME,ACTIVE,CCM2_CODE,NATIVE_DESCRIPTIONS) values ('gu','Gujarati','Y',20001153,null);
Insert into WIFI4EU_ABAC.WIF_LANGUAGE (CD,NAME,ACTIVE,CCM2_CODE,NATIVE_DESCRIPTIONS) values ('kj','Kuanyama, Kwanyama','Y',20001181,null);
Insert into WIFI4EU_ABAC.WIF_LANGUAGE (CD,NAME,ACTIVE,CCM2_CODE,NATIVE_DESCRIPTIONS) values ('ku','Kurdish','Y',20001182,null);
Insert into WIFI4EU_ABAC.WIF_LANGUAGE (CD,NAME,ACTIVE,CCM2_CODE,NATIVE_DESCRIPTIONS) values ('gv','Manx','Y',20001196,null);
Insert into WIFI4EU_ABAC.WIF_LANGUAGE (CD,NAME,ACTIVE,CCM2_CODE,NATIVE_DESCRIPTIONS) values ('mr','Marathi','Y',20001198,null);
Insert into WIFI4EU_ABAC.WIF_LANGUAGE (CD,NAME,ACTIVE,CCM2_CODE,NATIVE_DESCRIPTIONS) values ('gd','Scottish Gaelic, Gaelic','Y',20001235,null);
Insert into WIFI4EU_ABAC.WIF_LANGUAGE (CD,NAME,ACTIVE,CCM2_CODE,NATIVE_DESCRIPTIONS) values ('si','Sinhalese','Y',20001239,null);
Insert into WIFI4EU_ABAC.WIF_LANGUAGE (CD,NAME,ACTIVE,CCM2_CODE,NATIVE_DESCRIPTIONS) values ('sl','Slovenian','Y',20001241,'slovenšcina');
Insert into WIFI4EU_ABAC.WIF_LANGUAGE (CD,NAME,ACTIVE,CCM2_CODE,NATIVE_DESCRIPTIONS) values ('st','Sotho, Southern','Y',20001243,null);
Insert into WIFI4EU_ABAC.WIF_LANGUAGE (CD,NAME,ACTIVE,CCM2_CODE,NATIVE_DESCRIPTIONS) values ('es','Spanish','Y',20001245,'español');
Insert into WIFI4EU_ABAC.WIF_LANGUAGE (CD,NAME,ACTIVE,CCM2_CODE,NATIVE_DESCRIPTIONS) values ('sv','Swedish','Y',20001249,'svenska');
Insert into WIFI4EU_ABAC.WIF_LANGUAGE (CD,NAME,ACTIVE,CCM2_CODE,NATIVE_DESCRIPTIONS) values ('ta','Tamil','Y',20001253,null);
Insert into WIFI4EU_ABAC.WIF_LANGUAGE (CD,NAME,ACTIVE,CCM2_CODE,NATIVE_DESCRIPTIONS) values ('bo','Tibetan','Y',20001257,null);
Insert into WIFI4EU_ABAC.WIF_LANGUAGE (CD,NAME,ACTIVE,CCM2_CODE,NATIVE_DESCRIPTIONS) values ('yo','Yoruba','Y',20001276,null);
Insert into WIFI4EU_ABAC.WIF_LANGUAGE (CD,NAME,ACTIVE,CCM2_CODE,NATIVE_DESCRIPTIONS) values ('sh','Serbo-Croatian','Y',20001280,null);
Insert into WIFI4EU_ABAC.WIF_LANGUAGE (CD,NAME,ACTIVE,CCM2_CODE,NATIVE_DESCRIPTIONS) values ('fj','Fijian','Y',20001142,null);
Insert into WIFI4EU_ABAC.WIF_LANGUAGE (CD,NAME,ACTIVE,CCM2_CODE,NATIVE_DESCRIPTIONS) values ('te','Telugu','Y',20001255,null);
Insert into WIFI4EU_ABAC.WIF_LANGUAGE (CD,NAME,ACTIVE,CCM2_CODE,NATIVE_DESCRIPTIONS) values ('to','Tonga (Tonga Islands)','Y',20001259,null);
Insert into WIFI4EU_ABAC.WIF_LANGUAGE (CD,NAME,ACTIVE,CCM2_CODE,NATIVE_DESCRIPTIONS) values ('ur','Urdu','Y',20001267,null);
Insert into WIFI4EU_ABAC.WIF_LANGUAGE (CD,NAME,ACTIVE,CCM2_CODE,NATIVE_DESCRIPTIONS) values ('af','Afrikaans','Y',20001102,null);
Insert into WIFI4EU_ABAC.WIF_LANGUAGE (CD,NAME,ACTIVE,CCM2_CODE,NATIVE_DESCRIPTIONS) values ('br','Breton','Y',20001119,null);
Insert into WIFI4EU_ABAC.WIF_LANGUAGE (CD,NAME,ACTIVE,CCM2_CODE,NATIVE_DESCRIPTIONS) values ('hr','Croatian','Y',20001133,'hrvatski');
Insert into WIFI4EU_ABAC.WIF_LANGUAGE (CD,NAME,ACTIVE,CCM2_CODE,NATIVE_DESCRIPTIONS) values ('el','Greek','Y',20001151,'ελληνικά');
Insert into WIFI4EU_ABAC.WIF_LANGUAGE (CD,NAME,ACTIVE,CCM2_CODE,NATIVE_DESCRIPTIONS) values ('it','Italian','Y',20001168,'italiano');
Insert into WIFI4EU_ABAC.WIF_LANGUAGE (CD,NAME,ACTIVE,CCM2_CODE,NATIVE_DESCRIPTIONS) values ('lt','Lithuanian','Y',20001189,'lietuviu');
Insert into WIFI4EU_ABAC.WIF_LANGUAGE (CD,NAME,ACTIVE,CCM2_CODE,NATIVE_DESCRIPTIONS) values ('mk','Macedonian','Y',20001191,null);
Insert into WIFI4EU_ABAC.WIF_LANGUAGE (CD,NAME,ACTIVE,CCM2_CODE,NATIVE_DESCRIPTIONS) values ('mt','Maltese','Y',20001195,'Malti');
Insert into WIFI4EU_ABAC.WIF_LANGUAGE (CD,NAME,ACTIVE,CCM2_CODE,NATIVE_DESCRIPTIONS) values ('mo','Moldavian','Y',20001200,null);
Insert into WIFI4EU_ABAC.WIF_LANGUAGE (CD,NAME,ACTIVE,CCM2_CODE,NATIVE_DESCRIPTIONS) values ('na','Nauru','Y',20001202,null);
Insert into WIFI4EU_ABAC.WIF_LANGUAGE (CD,NAME,ACTIVE,CCM2_CODE,NATIVE_DESCRIPTIONS) values ('nv','Navajo, Navaho','Y',20001204,null);
Insert into WIFI4EU_ABAC.WIF_LANGUAGE (CD,NAME,ACTIVE,CCM2_CODE,NATIVE_DESCRIPTIONS) values ('nr','Ndebele, South','Y',20001206,null);
Insert into WIFI4EU_ABAC.WIF_LANGUAGE (CD,NAME,ACTIVE,CCM2_CODE,NATIVE_DESCRIPTIONS) values ('ne','Nepali','Y',20001208,null);
Insert into WIFI4EU_ABAC.WIF_LANGUAGE (CD,NAME,ACTIVE,CCM2_CODE,NATIVE_DESCRIPTIONS) values ('rm','Raeto-Romance','Y',20001227,null);
Insert into WIFI4EU_ABAC.WIF_LANGUAGE (CD,NAME,ACTIVE,CCM2_CODE,NATIVE_DESCRIPTIONS) values ('rn','Rundi','Y',20001229,null);
Insert into WIFI4EU_ABAC.WIF_LANGUAGE (CD,NAME,ACTIVE,CCM2_CODE,NATIVE_DESCRIPTIONS) values ('tg','Tajik','Y',20001252,null);
Insert into WIFI4EU_ABAC.WIF_LANGUAGE (CD,NAME,ACTIVE,CCM2_CODE,NATIVE_DESCRIPTIONS) values ('tr','Turkish','Y',20001262,'Türkçe');
Insert into WIFI4EU_ABAC.WIF_LANGUAGE (CD,NAME,ACTIVE,CCM2_CODE,NATIVE_DESCRIPTIONS) values ('vi','Vietnamese','Y',20001269,null);
Insert into WIFI4EU_ABAC.WIF_LANGUAGE (CD,NAME,ACTIVE,CCM2_CODE,NATIVE_DESCRIPTIONS) values ('xh','Xhosa','Y',20001274,null);
Insert into WIFI4EU_ABAC.WIF_LANGUAGE (CD,NAME,ACTIVE,CCM2_CODE,NATIVE_DESCRIPTIONS) values ('ae','Avestan','Y',20001108,null);
Insert into WIFI4EU_ABAC.WIF_LANGUAGE (CD,NAME,ACTIVE,CCM2_CODE,NATIVE_DESCRIPTIONS) values ('eu','Basque','Y',20001112,null);
Insert into WIFI4EU_ABAC.WIF_LANGUAGE (CD,NAME,ACTIVE,CCM2_CODE,NATIVE_DESCRIPTIONS) values ('bi','Bislama','Y',20001116,null);
Insert into WIFI4EU_ABAC.WIF_LANGUAGE (CD,NAME,ACTIVE,CCM2_CODE,NATIVE_DESCRIPTIONS) values ('ie','Interlingue','Y',20001164,null);
Insert into WIFI4EU_ABAC.WIF_LANGUAGE (CD,NAME,ACTIVE,CCM2_CODE,NATIVE_DESCRIPTIONS) values ('az','Azerbaijani','Y',20001110,null);
Insert into WIFI4EU_ABAC.WIF_LANGUAGE (CD,NAME,ACTIVE,CCM2_CODE,NATIVE_DESCRIPTIONS) values ('bs','Bosnian','Y',20001118,null);
Insert into WIFI4EU_ABAC.WIF_LANGUAGE (CD,NAME,ACTIVE,CCM2_CODE,NATIVE_DESCRIPTIONS) values ('en','English','Y',20001138,null);
Insert into WIFI4EU_ABAC.WIF_LANGUAGE (CD,NAME,ACTIVE,CCM2_CODE,NATIVE_DESCRIPTIONS) values ('fr','French','Y',20001144,'français');
Insert into WIFI4EU_ABAC.WIF_LANGUAGE (CD,NAME,ACTIVE,CCM2_CODE,NATIVE_DESCRIPTIONS) values ('ho','Hiri Motu','Y',20001158,null);
Insert into WIFI4EU_ABAC.WIF_LANGUAGE (CD,NAME,ACTIVE,CCM2_CODE,NATIVE_DESCRIPTIONS) values ('io','Ido','Y',20001161,null);
Insert into WIFI4EU_ABAC.WIF_LANGUAGE (CD,NAME,ACTIVE,CCM2_CODE,NATIVE_DESCRIPTIONS) values ('ik','Inupiaq','Y',20001166,null);
Insert into WIFI4EU_ABAC.WIF_LANGUAGE (CD,NAME,ACTIVE,CCM2_CODE,NATIVE_DESCRIPTIONS) values ('ga','Irish','Y',20001167,'Irish');
Insert into WIFI4EU_ABAC.WIF_LANGUAGE (CD,NAME,ACTIVE,CCM2_CODE,NATIVE_DESCRIPTIONS) values ('kk','Kazakh','Y',20001174,null);
Insert into WIFI4EU_ABAC.WIF_LANGUAGE (CD,NAME,ACTIVE,CCM2_CODE,NATIVE_DESCRIPTIONS) values ('ky','Kirghiz','Y',20001178,null);
Insert into WIFI4EU_ABAC.WIF_LANGUAGE (CD,NAME,ACTIVE,CCM2_CODE,NATIVE_DESCRIPTIONS) values ('ts','Tsonga','Y',20001260,null);
Insert into WIFI4EU_ABAC.WIF_LANGUAGE (CD,NAME,ACTIVE,CCM2_CODE,NATIVE_DESCRIPTIONS) values ('tk','Turkmen','Y',20001263,null);
Insert into WIFI4EU_ABAC.WIF_LANGUAGE (CD,NAME,ACTIVE,CCM2_CODE,NATIVE_DESCRIPTIONS) values ('ug','Uighur','Y',20001265,null);
Insert into WIFI4EU_ABAC.WIF_LANGUAGE (CD,NAME,ACTIVE,CCM2_CODE,NATIVE_DESCRIPTIONS) values ('sw','Swahili','Y',20001247,null);
Insert into WIFI4EU_ABAC.WIF_LANGUAGE (CD,NAME,ACTIVE,CCM2_CODE,NATIVE_DESCRIPTIONS) values ('wa','Walloon','Y',20001271,null);
Insert into WIFI4EU_ABAC.WIF_LANGUAGE (CD,NAME,ACTIVE,CCM2_CODE,NATIVE_DESCRIPTIONS) values ('ba','Bashkir','Y',20001111,null);
Insert into WIFI4EU_ABAC.WIF_LANGUAGE (CD,NAME,ACTIVE,CCM2_CODE,NATIVE_DESCRIPTIONS) values ('zh','Chinese','Y',20001128,null);
Insert into WIFI4EU_ABAC.WIF_LANGUAGE (CD,NAME,ACTIVE,CCM2_CODE,NATIVE_DESCRIPTIONS) values ('co','Corsican','Y',20001132,null);
Insert into WIFI4EU_ABAC.WIF_LANGUAGE (CD,NAME,ACTIVE,CCM2_CODE,NATIVE_DESCRIPTIONS) values ('fo','Faroese','Y',20001141,null);
Insert into WIFI4EU_ABAC.WIF_LANGUAGE (CD,NAME,ACTIVE,CCM2_CODE,NATIVE_DESCRIPTIONS) values ('fi','Finnish','Y',20001143,'suomi');
Insert into WIFI4EU_ABAC.WIF_LANGUAGE (CD,NAME,ACTIVE,CCM2_CODE,NATIVE_DESCRIPTIONS) values ('lo','Lao','Y',20001184,null);
Insert into WIFI4EU_ABAC.WIF_LANGUAGE (CD,NAME,ACTIVE,CCM2_CODE,NATIVE_DESCRIPTIONS) values ('la','Latin','Y',20001185,null);
Insert into WIFI4EU_ABAC.WIF_LANGUAGE (CD,NAME,ACTIVE,CCM2_CODE,NATIVE_DESCRIPTIONS) values ('ms','Malay','Y',20001193,null);
Insert into WIFI4EU_ABAC.WIF_LANGUAGE (CD,NAME,ACTIVE,CCM2_CODE,NATIVE_DESCRIPTIONS) values ('mn','Mongolian','Y',20001201,null);
Insert into WIFI4EU_ABAC.WIF_LANGUAGE (CD,NAME,ACTIVE,CCM2_CODE,NATIVE_DESCRIPTIONS) values ('ng','Ndonga','Y',20001207,null);
Insert into WIFI4EU_ABAC.WIF_LANGUAGE (CD,NAME,ACTIVE,CCM2_CODE,NATIVE_DESCRIPTIONS) values ('ny','Nyanja, Chichewa, Chewa','Y',20001214,null);
Insert into WIFI4EU_ABAC.WIF_LANGUAGE (CD,NAME,ACTIVE,CCM2_CODE,NATIVE_DESCRIPTIONS) values ('pt','Portuguese','Y',20001224,'português');
Insert into WIFI4EU_ABAC.WIF_LANGUAGE (CD,NAME,ACTIVE,CCM2_CODE,NATIVE_DESCRIPTIONS) values ('sg','Sango','Y',20001232,null);
Insert into WIFI4EU_ABAC.WIF_LANGUAGE (CD,NAME,ACTIVE,CCM2_CODE,NATIVE_DESCRIPTIONS) values ('sd','Sindhi','Y',20001238,null);
Insert into WIFI4EU_ABAC.WIF_LANGUAGE (CD,NAME,ACTIVE,CCM2_CODE,NATIVE_DESCRIPTIONS) values ('sk','Slovak','Y',20001240,'slovencina');
Insert into WIFI4EU_ABAC.WIF_LANGUAGE (CD,NAME,ACTIVE,CCM2_CODE,NATIVE_DESCRIPTIONS) values ('so','Somali','Y',20001242,null);
Insert into WIFI4EU_ABAC.WIF_LANGUAGE (CD,NAME,ACTIVE,CCM2_CODE,NATIVE_DESCRIPTIONS) values ('tl','Tagalog','Y',20001250,null);
Insert into WIFI4EU_ABAC.WIF_LANGUAGE (CD,NAME,ACTIVE,CCM2_CODE,NATIVE_DESCRIPTIONS) values ('hu','Hungarian','Y',20001159,'magyar');
Insert into WIFI4EU_ABAC.WIF_LANGUAGE (CD,NAME,ACTIVE,CCM2_CODE,NATIVE_DESCRIPTIONS) values ('ja','Japanese','Y',20001169,null);
Insert into WIFI4EU_ABAC.WIF_LANGUAGE (CD,NAME,ACTIVE,CCM2_CODE,NATIVE_DESCRIPTIONS) values ('tw','Twi','Y',20001264,null);
Insert into WIFI4EU_ABAC.WIF_LANGUAGE (CD,NAME,ACTIVE,CCM2_CODE,NATIVE_DESCRIPTIONS) values ('cr','Crnogorski, Montenegrin','Y',31083727,null);
Insert into WIFI4EU_ABAC.WIF_LANGUAGE (CD,NAME,ACTIVE,CCM2_CODE,NATIVE_DESCRIPTIONS) values ('rr','Romany','Y',31087168,null);
Insert into WIFI4EU_ABAC.WIF_LANGUAGE (CD,NAME,ACTIVE,CCM2_CODE,NATIVE_DESCRIPTIONS) values ('CM','Mari','Y',31089947,null);
REM INSERTING into WIFI4EU_ABAC.WIF_LEGAL_COMMITMENT
SET DEFINE OFF;
Insert into WIFI4EU_ABAC.WIF_LEGAL_COMMITMENT (ID,LEGAL_ENTITY_ID,ABAC_KEY,WF_STATUS,DATE_CREATED,DATE_UPDATED,GRANT_AGREEMENT_DOC_ID,COUNTERSIGNED_GRANT_AGR_DOC_ID,GRANT_AGREEMENT_SIGNATURE_DATE,GRANT_AGREEMENT_CNTRSIGN_DATE,BATCH_REF,GRANT_AGREEMENT_CNTRSIGN_USER) values (13,52,'WIF.20629','ABAC_VALID',to_date('22-AUG-18','DD-MON-RR'),null,79,93,null,to_date('23-AUG-18','DD-MON-RR'),null,null);
Insert into WIFI4EU_ABAC.WIF_LEGAL_COMMITMENT (ID,LEGAL_ENTITY_ID,ABAC_KEY,WF_STATUS,DATE_CREATED,DATE_UPDATED,GRANT_AGREEMENT_DOC_ID,COUNTERSIGNED_GRANT_AGR_DOC_ID,GRANT_AGREEMENT_SIGNATURE_DATE,GRANT_AGREEMENT_CNTRSIGN_DATE,BATCH_REF,GRANT_AGREEMENT_CNTRSIGN_USER) values (19,260,null,'READY_TO_BE_COUNTERSIGNED',to_date('29-AUG-18','DD-MON-RR'),null,134,null,to_date('21-JUL-18','DD-MON-RR'),null,'4ec7c193-2254-4124-bbe6-1f1ee06d8959',null);
Insert into WIFI4EU_ABAC.WIF_LEGAL_COMMITMENT (ID,LEGAL_ENTITY_ID,ABAC_KEY,WF_STATUS,DATE_CREATED,DATE_UPDATED,GRANT_AGREEMENT_DOC_ID,COUNTERSIGNED_GRANT_AGR_DOC_ID,GRANT_AGREEMENT_SIGNATURE_DATE,GRANT_AGREEMENT_CNTRSIGN_DATE,BATCH_REF,GRANT_AGREEMENT_CNTRSIGN_USER) values (20,268,null,'READY_TO_BE_COUNTERSIGNED',to_date('29-AUG-18','DD-MON-RR'),null,135,null,to_date('21-JUL-18','DD-MON-RR'),null,'4ec7c193-2254-4124-bbe6-1f1ee06d8959',null);
Insert into WIFI4EU_ABAC.WIF_LEGAL_COMMITMENT (ID,LEGAL_ENTITY_ID,ABAC_KEY,WF_STATUS,DATE_CREATED,DATE_UPDATED,GRANT_AGREEMENT_DOC_ID,COUNTERSIGNED_GRANT_AGR_DOC_ID,GRANT_AGREEMENT_SIGNATURE_DATE,GRANT_AGREEMENT_CNTRSIGN_DATE,BATCH_REF,GRANT_AGREEMENT_CNTRSIGN_USER) values (18,269,null,'ABAC_ERROR',to_date('29-AUG-18','DD-MON-RR'),null,133,146,null,to_date('05-SEP-18','DD-MON-RR'),'991ae1b5-3ae1-48ff-9445-34ffe0cba87b','alexand');
Insert into WIFI4EU_ABAC.WIF_LEGAL_COMMITMENT (ID,LEGAL_ENTITY_ID,ABAC_KEY,WF_STATUS,DATE_CREATED,DATE_UPDATED,GRANT_AGREEMENT_DOC_ID,COUNTERSIGNED_GRANT_AGR_DOC_ID,GRANT_AGREEMENT_SIGNATURE_DATE,GRANT_AGREEMENT_CNTRSIGN_DATE,BATCH_REF,GRANT_AGREEMENT_CNTRSIGN_USER) values (17,259,'WIF.20961','ABAC_VALID',to_date('28-AUG-18','DD-MON-RR'),null,119,120,to_date('21-JUL-18','DD-MON-RR'),to_date('28-AUG-18','DD-MON-RR'),'c90b0700-32ac-4873-afe5-8c9179b42ca7','frafael');
Insert into WIFI4EU_ABAC.WIF_LEGAL_COMMITMENT (ID,LEGAL_ENTITY_ID,ABAC_KEY,WF_STATUS,DATE_CREATED,DATE_UPDATED,GRANT_AGREEMENT_DOC_ID,COUNTERSIGNED_GRANT_AGR_DOC_ID,GRANT_AGREEMENT_SIGNATURE_DATE,GRANT_AGREEMENT_CNTRSIGN_DATE,BATCH_REF,GRANT_AGREEMENT_CNTRSIGN_USER) values (21,266,null,'READY_TO_BE_COUNTERSIGNED',to_date('29-AUG-18','DD-MON-RR'),null,136,null,to_date('29-AUG-18','DD-MON-RR'),null,'1b09e1bb-5c6a-4904-ab0d-f40d93352798',null);
Insert into WIFI4EU_ABAC.WIF_LEGAL_COMMITMENT (ID,LEGAL_ENTITY_ID,ABAC_KEY,WF_STATUS,DATE_CREATED,DATE_UPDATED,GRANT_AGREEMENT_DOC_ID,COUNTERSIGNED_GRANT_AGR_DOC_ID,GRANT_AGREEMENT_SIGNATURE_DATE,GRANT_AGREEMENT_CNTRSIGN_DATE,BATCH_REF,GRANT_AGREEMENT_CNTRSIGN_USER) values (22,56,'WIF.20977','ABAC_VALID',to_date('29-AUG-18','DD-MON-RR'),null,137,138,to_date('25-JUL-18','DD-MON-RR'),to_date('29-AUG-18','DD-MON-RR'),'b99495d6-f62a-466d-92c7-665bd63c5844','apladap');
REM INSERTING into WIFI4EU_ABAC.WIF_LEGAL_ENTITY
SET DEFINE OFF;
Insert into WIFI4EU_ABAC.WIF_LEGAL_ENTITY (ID,MID,OFFICIAL_NAME,LANGUAGE_CODE,COUNTRY_CODE,OFFICIAL_ADDRESS,POSTAL_CODE,ABAC_FEL_ID,WF_STATUS,DATE_CREATED,CITY,DATE_UPDATED,REGISTRATION_NUMBER,SIGNATURE_DATE,USER_IMPORTED,ID_SIGNATURE_FILE,HERMES_FILE_ID,BATCH_REF,CALL_NUMBER,ABAC_LATIN_NAME,ABAC_LATIN_ADDRESS) values (262,1009,'INEA TESTING SESSION PaulinaVincenzo','eng','DE','Rue de Geneve 1','1464',null,'ABAC_ERROR',to_date('29-AUG-18','DD-MON-RR'),'Berlin',null,1009,null,'macirvi',null,null,'919647f9-3575-4f2c-842e-6e1fd6fbadaf',1,null,null);
Insert into WIFI4EU_ABAC.WIF_LEGAL_ENTITY (ID,MID,OFFICIAL_NAME,LANGUAGE_CODE,COUNTRY_CODE,OFFICIAL_ADDRESS,POSTAL_CODE,ABAC_FEL_ID,WF_STATUS,DATE_CREATED,CITY,DATE_UPDATED,REGISTRATION_NUMBER,SIGNATURE_DATE,USER_IMPORTED,ID_SIGNATURE_FILE,HERMES_FILE_ID,BATCH_REF,CALL_NUMBER,ABAC_LATIN_NAME,ABAC_LATIN_ADDRESS) values (263,1004,'INEA TESTING SESSION ELENI','eng','DE','Rue de Geneve 1','1464','6000617526','ABAC_VALID',to_date('29-AUG-18','DD-MON-RR'),'Berlin',null,1004,null,'margael',null,null,'38db7418-b768-4c22-9aa0-285f842ea858',1,null,null);
Insert into WIFI4EU_ABAC.WIF_LEGAL_ENTITY (ID,MID,OFFICIAL_NAME,LANGUAGE_CODE,COUNTRY_CODE,OFFICIAL_ADDRESS,POSTAL_CODE,ABAC_FEL_ID,WF_STATUS,DATE_CREATED,CITY,DATE_UPDATED,REGISTRATION_NUMBER,SIGNATURE_DATE,USER_IMPORTED,ID_SIGNATURE_FILE,HERMES_FILE_ID,BATCH_REF,CALL_NUMBER,ABAC_LATIN_NAME,ABAC_LATIN_ADDRESS) values (56,1018,'Imphy','FR','ES','Avenue Jean Jaura','01010','6000617513','ABAC_VALID',to_date('27-JUL-18','DD-MON-RR'),null,null,1018,null,null,null,'0b0166e485107cd6',null,null,null,null);
Insert into WIFI4EU_ABAC.WIF_LEGAL_ENTITY (ID,MID,OFFICIAL_NAME,LANGUAGE_CODE,COUNTRY_CODE,OFFICIAL_ADDRESS,POSTAL_CODE,ABAC_FEL_ID,WF_STATUS,DATE_CREATED,CITY,DATE_UPDATED,REGISTRATION_NUMBER,SIGNATURE_DATE,USER_IMPORTED,ID_SIGNATURE_FILE,HERMES_FILE_ID,BATCH_REF,CALL_NUMBER,ABAC_LATIN_NAME,ABAC_LATIN_ADDRESS) values (52,1014,'Vila-real','FR','ES','Plaza Mayor','01010','6000617514','ABAC_VALID',to_date('27-JUL-18','DD-MON-RR'),null,null,1014,null,null,null,null,null,null,null,null);
Insert into WIFI4EU_ABAC.WIF_LEGAL_ENTITY (ID,MID,OFFICIAL_NAME,LANGUAGE_CODE,COUNTRY_CODE,OFFICIAL_ADDRESS,POSTAL_CODE,ABAC_FEL_ID,WF_STATUS,DATE_CREATED,CITY,DATE_UPDATED,REGISTRATION_NUMBER,SIGNATURE_DATE,USER_IMPORTED,ID_SIGNATURE_FILE,HERMES_FILE_ID,BATCH_REF,CALL_NUMBER,ABAC_LATIN_NAME,ABAC_LATIN_ADDRESS) values (53,1015,'Cieza (Murcia)','FR','ES','Plaza Mayor','01010','6000617515','ABAC_VALID',to_date('27-JUL-18','DD-MON-RR'),null,null,1015,null,null,null,'0b0166e4851078a8',null,null,null,null);
Insert into WIFI4EU_ABAC.WIF_LEGAL_ENTITY (ID,MID,OFFICIAL_NAME,LANGUAGE_CODE,COUNTRY_CODE,OFFICIAL_ADDRESS,POSTAL_CODE,ABAC_FEL_ID,WF_STATUS,DATE_CREATED,CITY,DATE_UPDATED,REGISTRATION_NUMBER,SIGNATURE_DATE,USER_IMPORTED,ID_SIGNATURE_FILE,HERMES_FILE_ID,BATCH_REF,CALL_NUMBER,ABAC_LATIN_NAME,ABAC_LATIN_ADDRESS) values (264,1010,'INEA TESTING SESSION 1010','eng','DE','Rue de Geneve 1','1464','6000617527','ABAC_VALID',to_date('29-AUG-18','DD-MON-RR'),'Berlin',null,1010,null,'apladap',null,null,'fe5659bc-febd-4339-a518-ba2c2bc6e910',1,null,null);
Insert into WIFI4EU_ABAC.WIF_LEGAL_ENTITY (ID,MID,OFFICIAL_NAME,LANGUAGE_CODE,COUNTRY_CODE,OFFICIAL_ADDRESS,POSTAL_CODE,ABAC_FEL_ID,WF_STATUS,DATE_CREATED,CITY,DATE_UPDATED,REGISTRATION_NUMBER,SIGNATURE_DATE,USER_IMPORTED,ID_SIGNATURE_FILE,HERMES_FILE_ID,BATCH_REF,CALL_NUMBER,ABAC_LATIN_NAME,ABAC_LATIN_ADDRESS) values (265,1002,'INEA TESTING SESSION','eng','DE','Rue de Geneve 1','1464','6000617528','ABAC_VALID',to_date('29-AUG-18','DD-MON-RR'),'Berlin',null,1002,null,'leonffr',null,null,'8deaa1cc-4db5-41dd-9b1c-3feb85e8c618',1,null,null);
Insert into WIFI4EU_ABAC.WIF_LEGAL_ENTITY (ID,MID,OFFICIAL_NAME,LANGUAGE_CODE,COUNTRY_CODE,OFFICIAL_ADDRESS,POSTAL_CODE,ABAC_FEL_ID,WF_STATUS,DATE_CREATED,CITY,DATE_UPDATED,REGISTRATION_NUMBER,SIGNATURE_DATE,USER_IMPORTED,ID_SIGNATURE_FILE,HERMES_FILE_ID,BATCH_REF,CALL_NUMBER,ABAC_LATIN_NAME,ABAC_LATIN_ADDRESS) values (266,1008,'INEA TESTING SESSION Evi','eng','DE','Rue de Geneve 1','1464','6000617529','ABAC_VALID',to_date('29-AUG-18','DD-MON-RR'),'Berlin',null,1008,null,'mitroel',null,'0b0166e4851077f1','82406077-8129-4491-81c0-d6dad205d17d',1,null,null);
Insert into WIFI4EU_ABAC.WIF_LEGAL_ENTITY (ID,MID,OFFICIAL_NAME,LANGUAGE_CODE,COUNTRY_CODE,OFFICIAL_ADDRESS,POSTAL_CODE,ABAC_FEL_ID,WF_STATUS,DATE_CREATED,CITY,DATE_UPDATED,REGISTRATION_NUMBER,SIGNATURE_DATE,USER_IMPORTED,ID_SIGNATURE_FILE,HERMES_FILE_ID,BATCH_REF,CALL_NUMBER,ABAC_LATIN_NAME,ABAC_LATIN_ADDRESS) values (267,1005,'INEA TESTING SESSION_Francois','eng','DE','Rue de Geneve 1','1464',null,'ABAC_ERROR',to_date('29-AUG-18','DD-MON-RR'),'Berlin',null,1005,null,'leonffr',null,'0b0166e485107796','d6509013-0ea6-43fb-ad07-efc1e9759757',1,null,null);
Insert into WIFI4EU_ABAC.WIF_LEGAL_ENTITY (ID,MID,OFFICIAL_NAME,LANGUAGE_CODE,COUNTRY_CODE,OFFICIAL_ADDRESS,POSTAL_CODE,ABAC_FEL_ID,WF_STATUS,DATE_CREATED,CITY,DATE_UPDATED,REGISTRATION_NUMBER,SIGNATURE_DATE,USER_IMPORTED,ID_SIGNATURE_FILE,HERMES_FILE_ID,BATCH_REF,CALL_NUMBER,ABAC_LATIN_NAME,ABAC_LATIN_ADDRESS) values (261,1003,'INEA TESTING SESSION_Zdarvko','eng','DE','Rue de Geneve 1','1464',null,'ABAC_ERROR',to_date('29-AUG-18','DD-MON-RR'),'Berlin',null,1003,null,'jordazd',null,null,'eb25ff12-7bac-4568-97c3-57419133e928',1,null,null);
Insert into WIFI4EU_ABAC.WIF_LEGAL_ENTITY (ID,MID,OFFICIAL_NAME,LANGUAGE_CODE,COUNTRY_CODE,OFFICIAL_ADDRESS,POSTAL_CODE,ABAC_FEL_ID,WF_STATUS,DATE_CREATED,CITY,DATE_UPDATED,REGISTRATION_NUMBER,SIGNATURE_DATE,USER_IMPORTED,ID_SIGNATURE_FILE,HERMES_FILE_ID,BATCH_REF,CALL_NUMBER,ABAC_LATIN_NAME,ABAC_LATIN_ADDRESS) values (271,777,'Berlin2','eng','DE','Rue de Geneve 1','1464',null,'WAITING_FOR_ARES',to_date('30-AUG-18','DD-MON-RR'),'Berlin',null,1325565,null,'chalkmi',null,null,'41fd506f-019c-4f5a-b568-b13168f00879',1,null,null);
Insert into WIFI4EU_ABAC.WIF_LEGAL_ENTITY (ID,MID,OFFICIAL_NAME,LANGUAGE_CODE,COUNTRY_CODE,OFFICIAL_ADDRESS,POSTAL_CODE,ABAC_FEL_ID,WF_STATUS,DATE_CREATED,CITY,DATE_UPDATED,REGISTRATION_NUMBER,SIGNATURE_DATE,USER_IMPORTED,ID_SIGNATURE_FILE,HERMES_FILE_ID,BATCH_REF,CALL_NUMBER,ABAC_LATIN_NAME,ABAC_LATIN_ADDRESS) values (272,20255,'Galatsi','grc','GR','Lamprou Porfira 34','18539',null,'WAITING_FOR_ARES',to_date('30-AUG-18','DD-MON-RR'),'Galatsi',null,1325565,null,'chalkmi',null,null,'2e68ca06-a2db-4863-8f79-ca4735172693',1,null,null);
Insert into WIFI4EU_ABAC.WIF_LEGAL_ENTITY (ID,MID,OFFICIAL_NAME,LANGUAGE_CODE,COUNTRY_CODE,OFFICIAL_ADDRESS,POSTAL_CODE,ABAC_FEL_ID,WF_STATUS,DATE_CREATED,CITY,DATE_UPDATED,REGISTRATION_NUMBER,SIGNATURE_DATE,USER_IMPORTED,ID_SIGNATURE_FILE,HERMES_FILE_ID,BATCH_REF,CALL_NUMBER,ABAC_LATIN_NAME,ABAC_LATIN_ADDRESS) values (273,20256,'Omonoia','ELL','GR','Aiolou 14','32539',null,'WAITING_APPROVAL',to_date('30-AUG-18','DD-MON-RR'),'Omonoia',null,1325565,null,'chalkmi',null,null,'2e68ca06-a2db-4863-8f79-ca4735172693',1,null,null);
Insert into WIFI4EU_ABAC.WIF_LEGAL_ENTITY (ID,MID,OFFICIAL_NAME,LANGUAGE_CODE,COUNTRY_CODE,OFFICIAL_ADDRESS,POSTAL_CODE,ABAC_FEL_ID,WF_STATUS,DATE_CREATED,CITY,DATE_UPDATED,REGISTRATION_NUMBER,SIGNATURE_DATE,USER_IMPORTED,ID_SIGNATURE_FILE,HERMES_FILE_ID,BATCH_REF,CALL_NUMBER,ABAC_LATIN_NAME,ABAC_LATIN_ADDRESS) values (257,888,'Berlin3','eng','DE','Rue de Geneve 1','1464','6000617523','ABAC_VALID',to_date('28-AUG-18','DD-MON-RR'),'Berlin',null,987454,null,'frafael',null,null,'185f4c32-a9e3-4860-a435-d31844535837',1,null,null);
Insert into WIFI4EU_ABAC.WIF_LEGAL_ENTITY (ID,MID,OFFICIAL_NAME,LANGUAGE_CODE,COUNTRY_CODE,OFFICIAL_ADDRESS,POSTAL_CODE,ABAC_FEL_ID,WF_STATUS,DATE_CREATED,CITY,DATE_UPDATED,REGISTRATION_NUMBER,SIGNATURE_DATE,USER_IMPORTED,ID_SIGNATURE_FILE,HERMES_FILE_ID,BATCH_REF,CALL_NUMBER,ABAC_LATIN_NAME,ABAC_LATIN_ADDRESS) values (252,1925,'TEST DIGIT Alex 17','eng','ES','main street, 123','12345','6000617515','ABAC_VALID',to_date('23-AUG-18','DD-MON-RR'),'Barceo',null,30039,null,'alexand',null,null,'f97d4fbc-d951-42b5-ad21-8525dd6c2f6b',1,null,null);
Insert into WIFI4EU_ABAC.WIF_LEGAL_ENTITY (ID,MID,OFFICIAL_NAME,LANGUAGE_CODE,COUNTRY_CODE,OFFICIAL_ADDRESS,POSTAL_CODE,ABAC_FEL_ID,WF_STATUS,DATE_CREATED,CITY,DATE_UPDATED,REGISTRATION_NUMBER,SIGNATURE_DATE,USER_IMPORTED,ID_SIGNATURE_FILE,HERMES_FILE_ID,BATCH_REF,CALL_NUMBER,ABAC_LATIN_NAME,ABAC_LATIN_ADDRESS) values (260,1006,'INEA TESTING SESSION Rodolphe','eng','DE','Rue de Geneve 1','1464','6000617525','ABAC_VALID',to_date('29-AUG-18','DD-MON-RR'),'Berlin',null,1006,null,'woutero',null,'0b0166e4851078e9','8797c991-8e76-44d2-978e-52c3dbdcd573',1,null,null);
Insert into WIFI4EU_ABAC.WIF_LEGAL_ENTITY (ID,MID,OFFICIAL_NAME,LANGUAGE_CODE,COUNTRY_CODE,OFFICIAL_ADDRESS,POSTAL_CODE,ABAC_FEL_ID,WF_STATUS,DATE_CREATED,CITY,DATE_UPDATED,REGISTRATION_NUMBER,SIGNATURE_DATE,USER_IMPORTED,ID_SIGNATURE_FILE,HERMES_FILE_ID,BATCH_REF,CALL_NUMBER,ABAC_LATIN_NAME,ABAC_LATIN_ADDRESS) values (269,10011,'INEA TESTING SESSION Zdarvko','eng','DE','Rue de Geneve 1','1464',null,'WAITING_APPROVAL',to_date('29-AUG-18','DD-MON-RR'),'Berlin',null,10011,null,'jordazd',null,'0b0166e485107777','82494b8b-5ae8-4e98-8d9a-61ff7e76bd42',1,null,null);
Insert into WIFI4EU_ABAC.WIF_LEGAL_ENTITY (ID,MID,OFFICIAL_NAME,LANGUAGE_CODE,COUNTRY_CODE,OFFICIAL_ADDRESS,POSTAL_CODE,ABAC_FEL_ID,WF_STATUS,DATE_CREATED,CITY,DATE_UPDATED,REGISTRATION_NUMBER,SIGNATURE_DATE,USER_IMPORTED,ID_SIGNATURE_FILE,HERMES_FILE_ID,BATCH_REF,CALL_NUMBER,ABAC_LATIN_NAME,ABAC_LATIN_ADDRESS) values (277,1033,'Rennes','eng','DE','Rue de Geneve 1','35000',null,'WAITING_APPROVAL',to_date('03-SEP-18','DD-MON-RR'),'Rennes',null,1033,null,'leonffr',null,null,'b6cea4e5-ea80-4f9b-bc92-94cb7318e65e',1,null,null);
Insert into WIFI4EU_ABAC.WIF_LEGAL_ENTITY (ID,MID,OFFICIAL_NAME,LANGUAGE_CODE,COUNTRY_CODE,OFFICIAL_ADDRESS,POSTAL_CODE,ABAC_FEL_ID,WF_STATUS,DATE_CREATED,CITY,DATE_UPDATED,REGISTRATION_NUMBER,SIGNATURE_DATE,USER_IMPORTED,ID_SIGNATURE_FILE,HERMES_FILE_ID,BATCH_REF,CALL_NUMBER,ABAC_LATIN_NAME,ABAC_LATIN_ADDRESS) values (259,1001,'DIGIT DEMO','eng','DE','Rue de Geneve 1','1464','6000617524','ABAC_VALID',to_date('28-AUG-18','DD-MON-RR'),'Berlin',null,1001,null,'frafael',null,null,'8faab756-9958-405b-9101-6097bbe39ce6',1,null,null);
Insert into WIFI4EU_ABAC.WIF_LEGAL_ENTITY (ID,MID,OFFICIAL_NAME,LANGUAGE_CODE,COUNTRY_CODE,OFFICIAL_ADDRESS,POSTAL_CODE,ABAC_FEL_ID,WF_STATUS,DATE_CREATED,CITY,DATE_UPDATED,REGISTRATION_NUMBER,SIGNATURE_DATE,USER_IMPORTED,ID_SIGNATURE_FILE,HERMES_FILE_ID,BATCH_REF,CALL_NUMBER,ABAC_LATIN_NAME,ABAC_LATIN_ADDRESS) values (268,1036,'INEA TESTING SESSION Rodolphe2','eng','DE','Rue de Geneve 2','1464','6000617525','ABAC_VALID',to_date('29-AUG-18','DD-MON-RR'),'Berlin',null,1036,null,'woutero',null,'0b0166e4851079e7','1a7c9176-bd53-447b-b047-7c803a713e46',1,null,null);
Insert into WIFI4EU_ABAC.WIF_LEGAL_ENTITY (ID,MID,OFFICIAL_NAME,LANGUAGE_CODE,COUNTRY_CODE,OFFICIAL_ADDRESS,POSTAL_CODE,ABAC_FEL_ID,WF_STATUS,DATE_CREATED,CITY,DATE_UPDATED,REGISTRATION_NUMBER,SIGNATURE_DATE,USER_IMPORTED,ID_SIGNATURE_FILE,HERMES_FILE_ID,BATCH_REF,CALL_NUMBER,ABAC_LATIN_NAME,ABAC_LATIN_ADDRESS) values (5,5,'DIGIT Test Lef ABAC','fr','BE','G1','1000','6000617511','ABAC_VALID',to_date('26-JUL-18','DD-MON-RR'),null,null,null,null,null,null,null,null,null,null,null);
Insert into WIFI4EU_ABAC.WIF_LEGAL_ENTITY (ID,MID,OFFICIAL_NAME,LANGUAGE_CODE,COUNTRY_CODE,OFFICIAL_ADDRESS,POSTAL_CODE,ABAC_FEL_ID,WF_STATUS,DATE_CREATED,CITY,DATE_UPDATED,REGISTRATION_NUMBER,SIGNATURE_DATE,USER_IMPORTED,ID_SIGNATURE_FILE,HERMES_FILE_ID,BATCH_REF,CALL_NUMBER,ABAC_LATIN_NAME,ABAC_LATIN_ADDRESS) values (270,1025,'INEA TESTING Francois','eng','DE','Rue de Geneve 1','1464',null,'WAITING_APPROVAL',to_date('29-AUG-18','DD-MON-RR'),'Berlin',null,1005,null,'leonffr',null,'0b0166e4851079e9','5079f2fb-af44-4cf8-9729-5e272200ec32',1,null,null);
REM INSERTING into WIFI4EU_ABAC.WIF_NOTIFICATION
SET DEFINE OFF;
Insert into WIFI4EU_ABAC.WIF_NOTIFICATION (ID,NOTIFICATION_TYPE,SEND_TO,BATCH_REF,STATUS) values (35,'LEF_CREATION','Alexandru.ANDREI@ext.ec.europa.eu,Rafael.FERREIRA-DE-OLIVEIRA@ext.ec.europa.eu,Apostolos.APLADAS@ext.ec.europa.eu,Michail.CHALKIAS@ext.ec.europa.eu,zdravko.jordanov@ext.ec.europa.eu','38db7418-b768-4c22-9aa0-285f842ea858','SENT');
Insert into WIFI4EU_ABAC.WIF_NOTIFICATION (ID,NOTIFICATION_TYPE,SEND_TO,BATCH_REF,STATUS) values (36,'LEF_CREATION','Alexandru.ANDREI@ext.ec.europa.eu,Rafael.FERREIRA-DE-OLIVEIRA@ext.ec.europa.eu,Apostolos.APLADAS@ext.ec.europa.eu,Michail.CHALKIAS@ext.ec.europa.eu,zdravko.jordanov@ext.ec.europa.eu','fe5659bc-febd-4339-a518-ba2c2bc6e910','SENT');
Insert into WIFI4EU_ABAC.WIF_NOTIFICATION (ID,NOTIFICATION_TYPE,SEND_TO,BATCH_REF,STATUS) values (37,'LEF_CREATION','Alexandru.ANDREI@ext.ec.europa.eu,Rafael.FERREIRA-DE-OLIVEIRA@ext.ec.europa.eu,Apostolos.APLADAS@ext.ec.europa.eu,Michail.CHALKIAS@ext.ec.europa.eu,zdravko.jordanov@ext.ec.europa.eu','8deaa1cc-4db5-41dd-9b1c-3feb85e8c618','SENT');
Insert into WIFI4EU_ABAC.WIF_NOTIFICATION (ID,NOTIFICATION_TYPE,SEND_TO,BATCH_REF,STATUS) values (38,'LEF_CREATION','Alexandru.ANDREI@ext.ec.europa.eu,Rafael.FERREIRA-DE-OLIVEIRA@ext.ec.europa.eu,Apostolos.APLADAS@ext.ec.europa.eu,Michail.CHALKIAS@ext.ec.europa.eu,zdravko.jordanov@ext.ec.europa.eu','82406077-8129-4491-81c0-d6dad205d17d','SENT');
Insert into WIFI4EU_ABAC.WIF_NOTIFICATION (ID,NOTIFICATION_TYPE,SEND_TO,BATCH_REF,STATUS) values (33,'LEF_CREATION','Alexandru.ANDREI@ext.ec.europa.eu,Rafael.FERREIRA-DE-OLIVEIRA@ext.ec.europa.eu,Apostolos.APLADAS@ext.ec.europa.eu,Michail.CHALKIAS@ext.ec.europa.eu,zdravko.jordanov@ext.ec.europa.eu','eb25ff12-7bac-4568-97c3-57419133e928','SENT');
Insert into WIFI4EU_ABAC.WIF_NOTIFICATION (ID,NOTIFICATION_TYPE,SEND_TO,BATCH_REF,STATUS) values (34,'LEF_CREATION','Alexandru.ANDREI@ext.ec.europa.eu,Rafael.FERREIRA-DE-OLIVEIRA@ext.ec.europa.eu,Apostolos.APLADAS@ext.ec.europa.eu,Michail.CHALKIAS@ext.ec.europa.eu,zdravko.jordanov@ext.ec.europa.eu','919647f9-3575-4f2c-842e-6e1fd6fbadaf','SENT');
Insert into WIFI4EU_ABAC.WIF_NOTIFICATION (ID,NOTIFICATION_TYPE,SEND_TO,BATCH_REF,STATUS) values (39,'LEF_CREATION','Alexandru.ANDREI@ext.ec.europa.eu,Rafael.FERREIRA-DE-OLIVEIRA@ext.ec.europa.eu,Apostolos.APLADAS@ext.ec.europa.eu,Michail.CHALKIAS@ext.ec.europa.eu,zdravko.jordanov@ext.ec.europa.eu','d6509013-0ea6-43fb-ad07-efc1e9759757','SENT');
Insert into WIFI4EU_ABAC.WIF_NOTIFICATION (ID,NOTIFICATION_TYPE,SEND_TO,BATCH_REF,STATUS) values (71,'LEF_CREATION','Alexandru.ANDREI@ext.ec.europa.eu,Rafael.FERREIRA-DE-OLIVEIRA@ext.ec.europa.eu,Apostolos.APLADAS@ext.ec.europa.eu,Michail.CHALKIAS@ext.ec.europa.eu,zdravko.jordanov@ext.ec.europa.eu','456302f6-a35e-4b21-bdf6-adfbe15d8927','SENT');
Insert into WIFI4EU_ABAC.WIF_NOTIFICATION (ID,NOTIFICATION_TYPE,SEND_TO,BATCH_REF,STATUS) values (72,'LEF_CREATION','Alexandru.ANDREI@ext.ec.europa.eu,Rafael.FERREIRA-DE-OLIVEIRA@ext.ec.europa.eu,Apostolos.APLADAS@ext.ec.europa.eu,Michail.CHALKIAS@ext.ec.europa.eu,zdravko.jordanov@ext.ec.europa.eu','3e98967d-9c2d-4bf4-ac6f-c7ef97e0ff6f','SENT');
Insert into WIFI4EU_ABAC.WIF_NOTIFICATION (ID,NOTIFICATION_TYPE,SEND_TO,BATCH_REF,STATUS) values (73,'LEF_CREATION','Alexandru.ANDREI@ext.ec.europa.eu,Rafael.FERREIRA-DE-OLIVEIRA@ext.ec.europa.eu,Apostolos.APLADAS@ext.ec.europa.eu,Michail.CHALKIAS@ext.ec.europa.eu,zdravko.jordanov@ext.ec.europa.eu','57007897-3288-4c2b-8c6b-17fa9351e1db','SENT');
Insert into WIFI4EU_ABAC.WIF_NOTIFICATION (ID,NOTIFICATION_TYPE,SEND_TO,BATCH_REF,STATUS) values (74,'LEF_CREATION','Alexandru.ANDREI@ext.ec.europa.eu,Rafael.FERREIRA-DE-OLIVEIRA@ext.ec.europa.eu,Apostolos.APLADAS@ext.ec.europa.eu,Michail.CHALKIAS@ext.ec.europa.eu,zdravko.jordanov@ext.ec.europa.eu','5a205604-79aa-4bc5-8fea-d07ca83501e4','SENT');
Insert into WIFI4EU_ABAC.WIF_NOTIFICATION (ID,NOTIFICATION_TYPE,SEND_TO,BATCH_REF,STATUS) values (75,'LEF_CREATION','Alexandru.ANDREI@ext.ec.europa.eu,Rafael.FERREIRA-DE-OLIVEIRA@ext.ec.europa.eu,Apostolos.APLADAS@ext.ec.europa.eu,Michail.CHALKIAS@ext.ec.europa.eu,zdravko.jordanov@ext.ec.europa.eu','323a1075-b34d-4e7e-8bc6-b2b8db925bad','SENT');
Insert into WIFI4EU_ABAC.WIF_NOTIFICATION (ID,NOTIFICATION_TYPE,SEND_TO,BATCH_REF,STATUS) values (81,'BC_CREATION','Alexandru.ANDREI@ext.ec.europa.eu,Rafael.FERREIRA-DE-OLIVEIRA@ext.ec.europa.eu','ff6f3e55-58f4-44e8-9256-65808318257c','SENT');
Insert into WIFI4EU_ABAC.WIF_NOTIFICATION (ID,NOTIFICATION_TYPE,SEND_TO,BATCH_REF,STATUS) values (82,'BC_CREATION','Alexandru.ANDREI@ext.ec.europa.eu,Rafael.FERREIRA-DE-OLIVEIRA@ext.ec.europa.eu','3c9d0025-2961-4de4-93ec-d7d02748e452','SENT');
Insert into WIFI4EU_ABAC.WIF_NOTIFICATION (ID,NOTIFICATION_TYPE,SEND_TO,BATCH_REF,STATUS) values (56,'LEF_CREATION','Alexandru.ANDREI@ext.ec.europa.eu,Rafael.FERREIRA-DE-OLIVEIRA@ext.ec.europa.eu,Apostolos.APLADAS@ext.ec.europa.eu,Michail.CHALKIAS@ext.ec.europa.eu,zdravko.jordanov@ext.ec.europa.eu','41fd506f-019c-4f5a-b568-b13168f00879','PENDING');
Insert into WIFI4EU_ABAC.WIF_NOTIFICATION (ID,NOTIFICATION_TYPE,SEND_TO,BATCH_REF,STATUS) values (57,'LEF_CREATION','Alexandru.ANDREI@ext.ec.europa.eu,Rafael.FERREIRA-DE-OLIVEIRA@ext.ec.europa.eu,Apostolos.APLADAS@ext.ec.europa.eu,Michail.CHALKIAS@ext.ec.europa.eu,zdravko.jordanov@ext.ec.europa.eu','2e68ca06-a2db-4863-8f79-ca4735172693','PENDING');
Insert into WIFI4EU_ABAC.WIF_NOTIFICATION (ID,NOTIFICATION_TYPE,SEND_TO,BATCH_REF,STATUS) values (61,'LEF_CREATION','Alexandru.ANDREI@ext.ec.europa.eu,Rafael.FERREIRA-DE-OLIVEIRA@ext.ec.europa.eu,Apostolos.APLADAS@ext.ec.europa.eu,Michail.CHALKIAS@ext.ec.europa.eu,zdravko.jordanov@ext.ec.europa.eu','5c33bfe0-09fd-4e7b-ae9d-cebda3f74ada','SENT');
Insert into WIFI4EU_ABAC.WIF_NOTIFICATION (ID,NOTIFICATION_TYPE,SEND_TO,BATCH_REF,STATUS) values (62,'LEF_CREATION','Alexandru.ANDREI@ext.ec.europa.eu,Rafael.FERREIRA-DE-OLIVEIRA@ext.ec.europa.eu,Apostolos.APLADAS@ext.ec.europa.eu,Michail.CHALKIAS@ext.ec.europa.eu,zdravko.jordanov@ext.ec.europa.eu','ec9e5e95-d4ff-4900-b988-f2d64d61335a','SENT');
Insert into WIFI4EU_ABAC.WIF_NOTIFICATION (ID,NOTIFICATION_TYPE,SEND_TO,BATCH_REF,STATUS) values (32,'LEF_CREATION','Alexandru.ANDREI@ext.ec.europa.eu,Rafael.FERREIRA-DE-OLIVEIRA@ext.ec.europa.eu,Apostolos.APLADAS@ext.ec.europa.eu,Michail.CHALKIAS@ext.ec.europa.eu,zdravko.jordanov@ext.ec.europa.eu','8797c991-8e76-44d2-978e-52c3dbdcd573','SENT');
Insert into WIFI4EU_ABAC.WIF_NOTIFICATION (ID,NOTIFICATION_TYPE,SEND_TO,BATCH_REF,STATUS) values (43,'LEF_CREATION','Alexandru.ANDREI@ext.ec.europa.eu,Rafael.FERREIRA-DE-OLIVEIRA@ext.ec.europa.eu,Apostolos.APLADAS@ext.ec.europa.eu,Michail.CHALKIAS@ext.ec.europa.eu,zdravko.jordanov@ext.ec.europa.eu','82494b8b-5ae8-4e98-8d9a-61ff7e76bd42','SENT');
Insert into WIFI4EU_ABAC.WIF_NOTIFICATION (ID,NOTIFICATION_TYPE,SEND_TO,BATCH_REF,STATUS) values (48,'BC_CREATION','Alexandru.ANDREI@ext.ec.europa.eu,Rafael.FERREIRA-DE-OLIVEIRA@ext.ec.europa.eu,Apostolos.APLADAS@ext.ec.europa.eu,Michail.CHALKIAS@ext.ec.europa.eu,zdravko.jordanov@ext.ec.europa.eu','dc33b4ba-70c7-45b3-b5ff-8103d07cfd7e','SENT');
Insert into WIFI4EU_ABAC.WIF_NOTIFICATION (ID,NOTIFICATION_TYPE,SEND_TO,BATCH_REF,STATUS) values (49,'BC_CREATION','Alexandru.ANDREI@ext.ec.europa.eu,Rafael.FERREIRA-DE-OLIVEIRA@ext.ec.europa.eu,Apostolos.APLADAS@ext.ec.europa.eu,Michail.CHALKIAS@ext.ec.europa.eu,zdravko.jordanov@ext.ec.europa.eu','eb52c68b-bea2-49f7-a48c-ec77c2586554','SENT');
Insert into WIFI4EU_ABAC.WIF_NOTIFICATION (ID,NOTIFICATION_TYPE,SEND_TO,BATCH_REF,STATUS) values (42,'LEF_CREATION','Alexandru.ANDREI@ext.ec.europa.eu,Rafael.FERREIRA-DE-OLIVEIRA@ext.ec.europa.eu,Apostolos.APLADAS@ext.ec.europa.eu,Michail.CHALKIAS@ext.ec.europa.eu,zdravko.jordanov@ext.ec.europa.eu','ff0b326a-b675-47e6-8d1c-8dbfb076156c','SENT');
Insert into WIFI4EU_ABAC.WIF_NOTIFICATION (ID,NOTIFICATION_TYPE,SEND_TO,BATCH_REF,STATUS) values (50,'LC_CREATION','Alexandru.ANDREI@ext.ec.europa.eu,Rafael.FERREIRA-DE-OLIVEIRA@ext.ec.europa.eu,Apostolos.APLADAS@ext.ec.europa.eu,Michail.CHALKIAS@ext.ec.europa.eu,zdravko.jordanov@ext.ec.europa.eu','2279e589-fe78-4cae-89d6-31e81c996002','SENT');
Insert into WIFI4EU_ABAC.WIF_NOTIFICATION (ID,NOTIFICATION_TYPE,SEND_TO,BATCH_REF,STATUS) values (52,'LC_CREATION','Alexandru.ANDREI@ext.ec.europa.eu,Rafael.FERREIRA-DE-OLIVEIRA@ext.ec.europa.eu,Apostolos.APLADAS@ext.ec.europa.eu,Michail.CHALKIAS@ext.ec.europa.eu,zdravko.jordanov@ext.ec.europa.eu','4ec7c193-2254-4124-bbe6-1f1ee06d8959','PENDING');
Insert into WIFI4EU_ABAC.WIF_NOTIFICATION (ID,NOTIFICATION_TYPE,SEND_TO,BATCH_REF,STATUS) values (63,'LEF_CREATION','Alexandru.ANDREI@ext.ec.europa.eu,Rafael.FERREIRA-DE-OLIVEIRA@ext.ec.europa.eu,Apostolos.APLADAS@ext.ec.europa.eu,Michail.CHALKIAS@ext.ec.europa.eu,zdravko.jordanov@ext.ec.europa.eu','b6cea4e5-ea80-4f9b-bc92-94cb7318e65e','PENDING');
Insert into WIFI4EU_ABAC.WIF_NOTIFICATION (ID,NOTIFICATION_TYPE,SEND_TO,BATCH_REF,STATUS) values (64,'LEF_CREATION','Alexandru.ANDREI@ext.ec.europa.eu,Rafael.FERREIRA-DE-OLIVEIRA@ext.ec.europa.eu,Apostolos.APLADAS@ext.ec.europa.eu,Michail.CHALKIAS@ext.ec.europa.eu,zdravko.jordanov@ext.ec.europa.eu','049cdd61-1ead-48d8-afa5-c58340a51113','SENT');
Insert into WIFI4EU_ABAC.WIF_NOTIFICATION (ID,NOTIFICATION_TYPE,SEND_TO,BATCH_REF,STATUS) values (65,'LEF_CREATION','Alexandru.ANDREI@ext.ec.europa.eu,Rafael.FERREIRA-DE-OLIVEIRA@ext.ec.europa.eu,Apostolos.APLADAS@ext.ec.europa.eu,Michail.CHALKIAS@ext.ec.europa.eu,zdravko.jordanov@ext.ec.europa.eu','6797ee4a-ea5f-4ecf-888f-29cdd46226a1','SENT');
Insert into WIFI4EU_ABAC.WIF_NOTIFICATION (ID,NOTIFICATION_TYPE,SEND_TO,BATCH_REF,STATUS) values (67,'LEF_CREATION','Alexandru.ANDREI@ext.ec.europa.eu,Rafael.FERREIRA-DE-OLIVEIRA@ext.ec.europa.eu,Apostolos.APLADAS@ext.ec.europa.eu,Michail.CHALKIAS@ext.ec.europa.eu,zdravko.jordanov@ext.ec.europa.eu','ff4fce2d-03cd-4ddc-8793-1007c5bbc920','SENT');
Insert into WIFI4EU_ABAC.WIF_NOTIFICATION (ID,NOTIFICATION_TYPE,SEND_TO,BATCH_REF,STATUS) values (68,'LEF_CREATION','Alexandru.ANDREI@ext.ec.europa.eu,Rafael.FERREIRA-DE-OLIVEIRA@ext.ec.europa.eu,Apostolos.APLADAS@ext.ec.europa.eu,Michail.CHALKIAS@ext.ec.europa.eu,zdravko.jordanov@ext.ec.europa.eu','023a70f8-795d-43bd-948e-863c6fe8d3cf','SENT');
Insert into WIFI4EU_ABAC.WIF_NOTIFICATION (ID,NOTIFICATION_TYPE,SEND_TO,BATCH_REF,STATUS) values (41,'LEF_CREATION','Alexandru.ANDREI@ext.ec.europa.eu,Rafael.FERREIRA-DE-OLIVEIRA@ext.ec.europa.eu,Apostolos.APLADAS@ext.ec.europa.eu,Michail.CHALKIAS@ext.ec.europa.eu,zdravko.jordanov@ext.ec.europa.eu','892f20dc-5438-454b-8f81-b68c3cf6e4c7','SENT');
Insert into WIFI4EU_ABAC.WIF_NOTIFICATION (ID,NOTIFICATION_TYPE,SEND_TO,BATCH_REF,STATUS) values (44,'LEF_CREATION','Alexandru.ANDREI@ext.ec.europa.eu,Rafael.FERREIRA-DE-OLIVEIRA@ext.ec.europa.eu,Apostolos.APLADAS@ext.ec.europa.eu,Michail.CHALKIAS@ext.ec.europa.eu,zdravko.jordanov@ext.ec.europa.eu','5079f2fb-af44-4cf8-9729-5e272200ec32','PENDING');
Insert into WIFI4EU_ABAC.WIF_NOTIFICATION (ID,NOTIFICATION_TYPE,SEND_TO,BATCH_REF,STATUS) values (45,'BC_CREATION','Alexandru.ANDREI@ext.ec.europa.eu,Rafael.FERREIRA-DE-OLIVEIRA@ext.ec.europa.eu,Apostolos.APLADAS@ext.ec.europa.eu,Michail.CHALKIAS@ext.ec.europa.eu,zdravko.jordanov@ext.ec.europa.eu','3b0df7cc-00ba-4f4f-b515-b9e3c550210e','SENT');
Insert into WIFI4EU_ABAC.WIF_NOTIFICATION (ID,NOTIFICATION_TYPE,SEND_TO,BATCH_REF,STATUS) values (46,'BC_CREATION','Alexandru.ANDREI@ext.ec.europa.eu,Rafael.FERREIRA-DE-OLIVEIRA@ext.ec.europa.eu,Apostolos.APLADAS@ext.ec.europa.eu,Michail.CHALKIAS@ext.ec.europa.eu,zdravko.jordanov@ext.ec.europa.eu','f8328d07-f6de-44cd-b769-1c204d0efd39','PENDING');
Insert into WIFI4EU_ABAC.WIF_NOTIFICATION (ID,NOTIFICATION_TYPE,SEND_TO,BATCH_REF,STATUS) values (47,'BC_CREATION','Alexandru.ANDREI@ext.ec.europa.eu,Rafael.FERREIRA-DE-OLIVEIRA@ext.ec.europa.eu,Apostolos.APLADAS@ext.ec.europa.eu,Michail.CHALKIAS@ext.ec.europa.eu,zdravko.jordanov@ext.ec.europa.eu','36c068a0-4791-4e6b-a6ed-596d16e50a9b','SENT');
Insert into WIFI4EU_ABAC.WIF_NOTIFICATION (ID,NOTIFICATION_TYPE,SEND_TO,BATCH_REF,STATUS) values (51,'LC_CREATION','Alexandru.ANDREI@ext.ec.europa.eu,Rafael.FERREIRA-DE-OLIVEIRA@ext.ec.europa.eu,Apostolos.APLADAS@ext.ec.europa.eu,Michail.CHALKIAS@ext.ec.europa.eu,zdravko.jordanov@ext.ec.europa.eu','991ae1b5-3ae1-48ff-9445-34ffe0cba87b','SENT');
Insert into WIFI4EU_ABAC.WIF_NOTIFICATION (ID,NOTIFICATION_TYPE,SEND_TO,BATCH_REF,STATUS) values (53,'LC_CREATION','Alexandru.ANDREI@ext.ec.europa.eu,Rafael.FERREIRA-DE-OLIVEIRA@ext.ec.europa.eu,Apostolos.APLADAS@ext.ec.europa.eu,Michail.CHALKIAS@ext.ec.europa.eu,zdravko.jordanov@ext.ec.europa.eu','1b09e1bb-5c6a-4904-ab0d-f40d93352798','PENDING');
Insert into WIFI4EU_ABAC.WIF_NOTIFICATION (ID,NOTIFICATION_TYPE,SEND_TO,BATCH_REF,STATUS) values (54,'LC_CREATION','Alexandru.ANDREI@ext.ec.europa.eu,Rafael.FERREIRA-DE-OLIVEIRA@ext.ec.europa.eu,Apostolos.APLADAS@ext.ec.europa.eu,Michail.CHALKIAS@ext.ec.europa.eu,zdravko.jordanov@ext.ec.europa.eu','b99495d6-f62a-466d-92c7-665bd63c5844','SENT');
Insert into WIFI4EU_ABAC.WIF_NOTIFICATION (ID,NOTIFICATION_TYPE,SEND_TO,BATCH_REF,STATUS) values (55,'BC_CREATION','Alexandru.ANDREI@ext.ec.europa.eu,Rafael.FERREIRA-DE-OLIVEIRA@ext.ec.europa.eu,Apostolos.APLADAS@ext.ec.europa.eu,Michail.CHALKIAS@ext.ec.europa.eu,zdravko.jordanov@ext.ec.europa.eu','f17b7d2b-dc13-4903-bff4-ae6f435f1478','PENDING');
Insert into WIFI4EU_ABAC.WIF_NOTIFICATION (ID,NOTIFICATION_TYPE,SEND_TO,BATCH_REF,STATUS) values (40,'LEF_CREATION','Alexandru.ANDREI@ext.ec.europa.eu,Rafael.FERREIRA-DE-OLIVEIRA@ext.ec.europa.eu,Apostolos.APLADAS@ext.ec.europa.eu,Michail.CHALKIAS@ext.ec.europa.eu,zdravko.jordanov@ext.ec.europa.eu','1a7c9176-bd53-447b-b047-7c803a713e46','SENT');