<?xml version='1.0' encoding='UTF-8'?>
<weblogic-jms xmlns="http://xmlns.oracle.com/weblogic/weblogic-jms" xmlns:sec="http://xmlns.oracle.com/weblogic/security" xmlns:xsi="http://www.w3.org/2001/XMLSchema-instance" xmlns:wls="http://xmlns.oracle.com/weblogic/security/wls" xsi:schemaLocation="http://xmlns.oracle.com/weblogic/weblogic-jms http://xmlns.oracle.com/weblogic/weblogic-jms/1.1/weblogic-jms.xsd">
  <connection-factory name="SAFConnectionFactory">
    <default-targeting-enabled>true</default-targeting-enabled>
    <jndi-name>jms/localQCF</jndi-name>
    <transaction-params>
      <transaction-timeout>0</transaction-timeout>
      <xa-connection-factory-enabled>true</xa-connection-factory-enabled>
    </transaction-params>
  </connection-factory>
  <queue name="BudgResponseQ">
    <sub-deployment-name>SAFJMSSubDeployment</sub-deployment-name>
    <jndi-name>jms/LSY_WIFI4EU_BudgSoaRemoteQueue</jndi-name>
  </queue>
  <queue name="BudgSoaLocalQueue">
    <sub-deployment-name>SAFJMSSubDeployment</sub-deployment-name>
    <jndi-name>jms/BudgSoaLocalQueue</jndi-name>
  </queue>
  <saf-imported-destinations name="SAFImportedDestination">
    <default-targeting-enabled>true</default-targeting-enabled>
    <saf-queue name="BudgRequestQ">
      <remote-jndi-name>jms/LSY_WIFI4EU_REQ_OUT</remote-jndi-name>
      <local-jndi-name>jms/budgRequestQ</local-jndi-name>
      <non-persistent-qos>Exactly-Once</non-persistent-qos>
      <time-to-live-default>500</time-to-live-default>
      <use-saf-time-to-live-default>true</use-saf-time-to-live-default>
    </saf-queue>
    <saf-remote-context>BudgSAFContext</saf-remote-context>
    <time-to-live-default>0</time-to-live-default>
  </saf-imported-destinations>
  <saf-remote-context name="BudgSAFContext">
    <saf-login-context>
      <loginURL>t3://webpix2jatst.cc.cec.eu.int:1045,webpix2jbtst.cc.cec.eu.int:1045</loginURL>
      <username>LSY_WIFI4EU</username>
      <password-encrypted>{AES}cekqb8Ig+HqHkO4nNPdnP3e8KObhgfZhg+AfTxr7VjVpQORqnDoEhA3OkR+5TaA9</password-encrypted>
    </saf-login-context>
  </saf-remote-context>
</weblogic-jms>
