<?xml version='1.0' encoding='UTF-8'?>
<weblogic-jms xmlns="http://xmlns.oracle.com/weblogic/weblogic-jms" xmlns:sec="http://xmlns.oracle.com/weblogic/security" xmlns:xsi="http://www.w3.org/2001/XMLSchema-instance" xmlns:wls="http://xmlns.oracle.com/weblogic/security/wls" xsi:schemaLocation="http://xmlns.oracle.com/weblogic/weblogic-jms http://xmlns.oracle.com/weblogic/weblogic-jms/1.1/weblogic-jms.xsd">
  <connection-factory name="ConnectionFactory-0">
    <sub-deployment-name>Subdeployment1</sub-deployment-name>
    <jndi-name>CF1</jndi-name>
    <client-params>
      <client-id-policy>Restricted</client-id-policy>
      <subscription-sharing-policy>Exclusive</subscription-sharing-policy>
      <messages-maximum>10</messages-maximum>
    </client-params>
    <transaction-params>
      <xa-connection-factory-enabled>true</xa-connection-factory-enabled>
    </transaction-params>
    <security-params>
      <attach-jmsx-user-id>false</attach-jmsx-user-id>
    </security-params>
  </connection-factory>
  <queue name="Queue-0">
    <sub-deployment-name>Subdeployment1</sub-deployment-name>
    <jndi-name>Queue1</jndi-name>
  </queue>
</weblogic-jms>
