<?xml version="1.0" encoding="UTF-8"?>
<weblogic-jms xmlns="http://xmlns.oracle.com/weblogic/weblogic-jms">
  <connection-factory name="com.oracle.webservices.api.jms.ConnectionFactory">
    <default-targeting-enabled>true</default-targeting-enabled>
    <jndi-name>com.oracle.webservices.api.jms.ConnectionFactory</jndi-name>
    <transaction-params>
      <xa-connection-factory-enabled>true</xa-connection-factory-enabled>
    </transaction-params>
  </connection-factory>
  <queue name="com.oracle.webservices.api.jms.RequestQueue">
    <sub-deployment-name>WseeSoapjmsJmsServerSub</sub-deployment-name>
    <jndi-name>com.oracle.webservices.api.jms.RequestQueue</jndi-name>
  </queue>
  <queue name="com.oracle.webservices.api.jms.ResponseQueue">
    <sub-deployment-name>WseeSoapjmsJmsServerSub</sub-deployment-name>
    <jndi-name>com.oracle.webservices.api.jms.ResponseQueue</jndi-name>
  </queue>
  <queue name="com.oracle.webservices.api.jms.ErrorQueue">
    <sub-deployment-name>WseeSoapjmsJmsServerSub</sub-deployment-name>
    <jndi-name>com.oracle.webservices.api.jms.ErrorQueue</jndi-name>
  </queue>
</weblogic-jms>
