<?xml version="1.0" encoding="UTF-8"?>
<weblogic-jms xmlns="http://xmlns.oracle.com/weblogic/weblogic-jms">
  <queue name="WseeMessageQueue" xmlns:sec="http://www.bea.com/ns/weblogic/920/security" xmlns:xsi="http://www.w3.org/2001/XMLSchema-instance" xmlns:wls="http://www.bea.com/ns/weblogic/920/security/wls">
    <sub-deployment-name>BEA_JMS_MODULE_SUBDEPLOYMENT_WSEEJMSServer</sub-deployment-name>
    <jndi-name>weblogic.wsee.DefaultQueue</jndi-name>
  </queue>
  <queue name="WseeCallbackQueue" xmlns:sec="http://www.bea.com/ns/weblogic/920/security" xmlns:xsi="http://www.w3.org/2001/XMLSchema-instance" xmlns:wls="http://www.bea.com/ns/weblogic/920/security/wls">
    <sub-deployment-name>BEA_JMS_MODULE_SUBDEPLOYMENT_WSEEJMSServer</sub-deployment-name>
    <jndi-name>weblogic.wsee.DefaultCallbackQueue</jndi-name>
  </queue>
</weblogic-jms>
